date,precipitation,sunhours,temperature
2012-01-01,14,0,8.5
2012-01-02,0,0,7.2
2012-01-03,20.8,0,5.1
2012-01-04,19.7,2.7,5.4
2012-01-05,3.3,0.4,5
2012-01-06,0.7,5.6,2.4
2012-01-07,5.8,0,5.5
2012-01-08,0.3,0,5
2012-01-09,3,0,4.7
2012-01-10,0.2,0.7,5.5
2012-01-11,0.8,0,7.2
2012-01-12,3.4,0,6.8
2012-01-13,0,5.2,3.8
2012-01-14,0,4.4,1.8
2012-01-15,0.1,4.9,0.3
2012-01-16,0.9,0,2.6
2012-01-17,0,0.4,3.9
2012-01-18,4,0,2.5
2012-01-19,2.5,0,4.6
2012-01-20,0.1,1.1,2.8
2012-01-21,7.3,0.6,3
2012-01-22,1,0,3.8
2012-01-23,0,2.9,1.4
2012-01-24,0,4.2,0.8
2012-01-25,0,3.1,-1.6
2012-01-26,0.4,7.2,-0.9
2012-01-27,0.2,0,-1
2012-01-28,1.7,0.8,-1.2
2012-01-29,0.1,0,-2.9
2012-01-30,0,6.8,-3.5
2012-01-31,0,7.5,-3.1
2012-02-01,0.6,0.5,-2.6
2012-02-02,0.6,2.8,-6.1
2012-02-03,0.3,4.7,-6
2012-02-04,0,3.4,-8.7
2012-02-05,0,4,-10
2012-02-06,0.2,4.2,-11.9
2012-02-07,0,0,-4.8
2012-02-08,0.1,3.8,-2.6
2012-02-09,0.1,1.8,-2.2
2012-02-10,0.5,0.6,-3
2012-02-11,0.2,0,-4.3
2012-02-12,0.2,0,-2.9
2012-02-13,0.2,1,-3.4
2012-02-14,1.2,0,1.4
2012-02-15,0,8.6,3.1
2012-02-16,4.3,0,1.2
2012-02-17,0,5.2,4.1
2012-02-18,4.3,0,4.9
2012-02-19,0,4.6,2.7
2012-02-20,2.5,6.9,2.3
2012-02-21,0.8,0,3.8
2012-02-22,5.3,0,6.2
2012-02-23,0.1,4.9,7.4
2012-02-24,0,0,7.6
2012-02-25,0.8,2.3,5.5
2012-02-26,0,8.9,3
2012-02-27,1.2,0,3.2
2012-02-28,0,0,6.7
2012-02-29,0,0,7.3
2012-03-01,0,2.1,6.5
2012-03-02,0,0.1,4.2
2012-03-03,0,4.6,4.7
2012-03-04,0,0,4.4
2012-03-05,0,0,3.6
2012-03-06,0,7.9,2.3
2012-03-07,7.3,0,2.7
2012-03-08,0,9.4,4.8
2012-03-09,0.4,0.4,6
2012-03-10,0.1,2.8,7.6
2012-03-11,0,0.4,7.6
2012-03-12,0,6.2,7.6
2012-03-13,0,2.9,8
2012-03-14,0,0,6.9
2012-03-15,0,3.2,5.6
2012-03-16,0,7.2,7.4
2012-03-17,0.6,2.1,7.8
2012-03-18,0.8,0,7.8
2012-03-19,0,7.5,5.9
2012-03-20,0,1.1,6.9
2012-03-21,0,6.3,9.2
2012-03-22,0,10.3,7.8
2012-03-23,0,11,8.2
2012-03-24,0,5.1,5.6
2012-03-25,0,10.1,8.3
2012-03-26,0,2.8,5.8
2012-03-27,0,6,10.5
2012-03-28,0,10.2,10
2012-03-29,0.2,1.1,7.6
2012-03-30,0.3,8.2,7.9
2012-03-31,0,8.4,5.1
2012-04-01,1.1,2.5,4.5
2012-04-02,0.3,2.5,4
2012-04-03,0.6,0,2.6
2012-04-04,0.1,0.2,3.5
2012-04-05,0,11.9,2.8
2012-04-06,11.7,5.3,2.7
2012-04-07,0,7,2.6
2012-04-08,0,11,2.9
2012-04-09,2,0,6.1
2012-04-10,1.7,0,9.4
2012-04-11,0,3,8.2
2012-04-12,14.7,3.2,6.6
2012-04-13,0,1.1,6.7
2012-04-14,1.4,3.4,5.7
2012-04-15,1.8,1.9,6.2
2012-04-16,0.1,10.1,4.3
2012-04-17,0,9.4,5.7
2012-04-18,0,5.3,8.1
2012-04-19,0.4,11.4,10.8
2012-04-20,8.1,3.5,7.5
2012-04-21,2.2,5.9,8.9
2012-04-22,1,5.7,7.7
2012-04-23,4,4.7,7.6
2012-04-24,4.2,1,8.4
2012-04-25,1.1,5.9,9.8
2012-04-26,0.7,2.1,12.3
2012-04-27,0.9,6.4,12.7
2012-04-28,1.3,3.7,8.8
2012-04-29,0,4.1,9.7
2012-04-30,0,12.4,12
2012-05-01,0,13,11
2012-05-02,0,13.5,10.6
2012-05-03,0,13.5,13.3
2012-05-04,0.4,0,11
2012-05-05,0,10.7,8
2012-05-06,0,9.9,7.3
2012-05-07,0.2,0.1,7
2012-05-08,0,6.6,11.9
2012-05-09,9.8,3.5,15.6
2012-05-10,16.7,0,16.5
2012-05-11,0,7,14.7
2012-05-12,0.3,9.3,8.1
2012-05-13,0,9.4,8.7
2012-05-14,0.1,2.8,11.1
2012-05-15,0.8,2,10.1
2012-05-16,2,4,7.5
2012-05-17,0,11.9,8
2012-05-18,0.4,11.1,12.4
2012-05-19,0,5.8,14.4
2012-05-20,0,7.3,15.3
2012-05-21,0,10.5,15.5
2012-05-22,0.4,13.1,16.5
2012-05-23,0,12.1,16.2
2012-05-24,0,14.7,15.5
2012-05-25,0,14.3,15.8
2012-05-26,0,12,17.5
2012-05-27,0,12,16.8
2012-05-28,0,12.4,17.4
2012-05-29,0,11.3,13.2
2012-05-30,0,3.3,11.2
2012-05-31,2.1,1.1,11.1
2012-06-01,0,10.5,10.4
2012-06-02,0,10.3,9.4
2012-06-03,0,3.7,9.4
2012-06-04,0,0.8,10.6
2012-06-05,0,10.1,10.6
2012-06-06,0.6,2.9,11.2
2012-06-07,1.6,1.1,13.7
2012-06-08,9.2,7,15.8
2012-06-09,0.1,5.1,13.5
2012-06-10,0.4,5.3,13.3
2012-06-11,0,10.2,13.9
2012-06-12,3,0.3,13.4
2012-06-13,0,8.2,12.3
2012-06-14,0,6.4,11.5
2012-06-15,1.5,3.6,14
2012-06-16,9.1,3,16.2
2012-06-17,0,6.2,15.1
2012-06-18,1.2,7,15.5
2012-06-19,0,5.9,14.8
2012-06-20,0,5.4,15.9
2012-06-21,1.2,13.2,16.2
2012-06-22,4.8,7.6,16.2
2012-06-23,0.5,10.2,15.3
2012-06-24,25.7,0,13
2012-06-25,9.1,2.3,12.8
2012-06-26,0,3.7,13
2012-06-27,0,0,13.4
2012-06-28,4.3,3.6,16.5
2012-06-29,27.9,4,19.5
2012-06-30,0,11.8,19.7
2012-07-01,2,11.3,17.5
2012-07-02,0,7.4,16.1
2012-07-03,0,9.8,17.1
2012-07-04,0,6,17.3
2012-07-05,0,1.4,16.7
2012-07-06,11.1,1,17.8
2012-07-07,0,2.7,18.2
2012-07-08,14.7,8.8,19
2012-07-09,2.9,0.6,16.1
2012-07-10,0,5.9,16.9
2012-07-11,5.1,4.7,15.9
2012-07-12,10.4,6.8,13.8
2012-07-13,0.1,5.1,15
2012-07-14,1.7,6.7,15.6
2012-07-15,0.5,7.7,14.2
2012-07-16,10.7,8.3,14.7
2012-07-17,3.5,7.7,15.1
2012-07-18,24.4,1.3,15.1
2012-07-19,13.6,0,14.9
2012-07-20,0.9,5,14.1
2012-07-21,0,5,13.9
2012-07-22,0,9.6,15.1
2012-07-23,0,14.8,18.8
2012-07-24,0,14.5,NA
2012-07-25,0,13.4,21.2
2012-07-26,0,13.4,19.5
2012-07-27,0,12,21.4
2012-07-28,20,3.2,18.6
2012-07-29,1.3,0,14.4
2012-07-30,4.8,4.7,13.9
2012-07-31,0,6.5,14.4
2012-08-01,0,7.6,18.2
2012-08-02,0.3,7.6,20.2
2012-08-03,2.2,7.4,17.4
2012-08-04,2.6,5.3,16.4
2012-08-05,1.7,2.9,18.9
2012-08-06,14.9,7.5,17.8
2012-08-07,8.9,8.1,16
2012-08-08,0.4,7.1,15.5
2012-08-09,0,10.4,15.2
2012-08-10,0,6.1,15
2012-08-11,0,13.4,16.3
2012-08-12,0,13.3,16.9
2012-08-13,0,13.1,16.9
2012-08-14,0,12.7,17
2012-08-15,0,13.1,17.6
2012-08-16,6.1,3.1,16.6
2012-08-17,0,10.2,18.3
2012-08-18,0,12.6,23.5
2012-08-19,0,12.1,23.7
2012-08-20,0,9.8,22.9
2012-08-21,0.6,2.8,19.1
2012-08-22,0.1,11,17.9
2012-08-23,0,8.6,16.9
2012-08-24,0.4,0,14.9
2012-08-25,5.4,2,16.6
2012-08-26,7.4,5.8,15.8
2012-08-27,0,12,15.1
2012-08-28,0.5,1.6,17.4
2012-08-29,1,8.3,17.9
2012-08-30,0,1.8,17.2
2012-08-31,0,9.2,14.5
2012-09-01,0,5.6,13.9
2012-09-02,0.1,5.5,16.2
2012-09-03,0,6.6,16.8
2012-09-04,0,9.5,17.3
2012-09-05,0,5,14.4
2012-09-06,0.6,4.2,13.5
2012-09-07,2.7,1.2,15.2
2012-09-08,1.1,4.7,15.8
2012-09-09,0,5.8,17.8
2012-09-10,0,7.2,19.9
2012-09-11,2.8,0.2,16.1
2012-09-12,3,6.6,11.7
2012-09-13,0,8.1,12.2
2012-09-14,13.1,0.1,12.5
2012-09-15,0.1,2.2,14.1
2012-09-16,0,8.2,15.7
2012-09-17,0.4,6.1,15.8
2012-09-18,2.9,2.8,13.5
2012-09-19,3,5.3,9.3
2012-09-20,4.2,2.3,9.9
2012-09-21,4.8,0.7,12.4
2012-09-22,1.4,4.5,9.9
2012-09-23,0,6.9,10.6
2012-09-24,14.6,0,10.9
2012-09-25,1.7,0.6,12.8
2012-09-26,4.8,0,12
2012-09-27,3.2,0.2,11.9
2012-09-28,0.1,2.1,12
2012-09-29,2,2.8,11.8
2012-09-30,0.1,5.2,12.1
2012-10-01,1.2,NA,12.5
2012-10-02,0,NA,13.9
2012-10-03,10.3,NA,13
2012-10-04,2.7,NA,10
2012-10-05,9.2,NA,9.5
2012-10-06,6.5,NA,NA
2012-10-07,1.1,NA,9.6
2012-10-08,0.9,NA,9.9
2012-10-09,1.5,NA,8.5
2012-10-10,0.8,NA,8.4
2012-10-11,0,NA,9.2
2012-10-12,14,NA,8.7
2012-10-13,3,NA,NA
2012-10-14,0,NA,9
2012-10-15,0.1,NA,8.2
2012-10-16,2.5,NA,9.3
2012-10-17,0.7,NA,10.9
2012-10-18,0,NA,14.7
2012-10-19,0,NA,15.9
2012-10-20,0,NA,NA
2012-10-21,0.1,NA,11.9
2012-10-22,0,NA,12.1
2012-10-23,0.1,NA,11.5
2012-10-24,0.3,NA,10.4
2012-10-25,0.3,NA,7.8
2012-10-26,0.1,NA,2.4
2012-10-27,0.3,NA,NA
2012-10-28,0,NA,3.4
2012-10-29,5.7,NA,3.9
2012-10-30,0.7,NA,5.3
2012-10-31,0,NA,6.4
2012-11-01,4.3,NA,5.9
2012-11-02,1.5,NA,NA
2012-11-04,2.3,NA,6.9
2012-11-05,2.5,NA,6.1
2012-11-06,3.6,NA,5.3
2012-11-07,0.1,NA,9.4
2012-11-08,2.8,NA,9.1
2012-11-09,0.1,NA,9
2012-11-11,1,NA,9.1
2012-11-12,0.9,NA,6.7
2012-11-13,0,NA,6.4
2012-11-14,0,NA,8.8
2012-11-15,0,NA,7.9
2012-11-16,0,NA,2.1
2012-11-18,0.5,NA,5.3
2012-11-19,0,NA,4.2
2012-11-20,0,NA,7.1
2012-11-21,0.3,NA,5.8
2012-11-22,0.1,NA,8
2012-11-23,3.1,NA,6
2012-11-25,3.7,NA,7.7
2012-11-26,2,NA,8
2012-11-27,1,NA,7.1
2012-11-28,1.2,NA,5.3
2012-11-29,2.8,NA,3.4
2012-11-30,2.1,NA,0.2
2012-12-03,7.9,NA,-0.7
2012-12-04,1.4,NA,1.1
2012-12-05,4.5,NA,-4.6
2012-12-06,0,NA,-4.1
2012-12-07,0,NA,-3.5
2012-12-09,7.5,NA,0.3
2012-12-10,1.6,NA,0.7
2012-12-11,0,NA,-2.5
2012-12-12,0,NA,-7.5
2012-12-13,0.2,NA,-2.8
2012-12-14,8,NA,-2.2
2012-12-16,0.6,NA,4.4
2012-12-17,0,NA,4.2
2012-12-18,1.2,NA,3.3
2012-12-19,0,NA,2.7
2012-12-20,0,NA,1.9
2013-05-01,0,14.2,5.9
2013-05-02,0,13,8.3
2013-05-03,0,14.4,9.8
2013-05-04,0,12.9,12.9
2013-05-05,0,8.7,12
2013-05-06,0,9.2,13.1
2013-05-07,6.8,8.1,13.7
2013-05-08,8.1,6,15.7
2013-05-09,0.1,4.3,14.5
2013-05-10,0,6.3,12.6
2013-05-11,0.7,3.1,12.3
2013-05-12,0,4.9,10.2
2013-05-13,4.8,3.4,9.8
2013-05-14,0.1,4.3,10.5
2013-05-15,18.6,7,15.4
2013-05-16,0,8.3,14.3
2013-05-17,0.3,12.7,18.6
2013-05-18,2.8,2.3,13.3
2013-05-19,0.6,0,12
2013-05-20,2.5,1.9,14.2
2013-05-21,61.6,0,12.4
2013-05-22,13.1,0.1,8.7
2013-05-23,1.1,6.7,8.1
2013-05-24,0.8,5.2,10.4
2013-05-25,9.7,0,10.4
2013-05-26,7,0.2,13.2
2013-05-27,0,6.4,12.9
2013-05-28,1.1,4.2,12.7
2013-05-29,3.3,0.5,12.7
2013-05-30,0,7.5,14.4
2013-05-31,0,10.9,16
2013-06-01,0,9.4,16.3
2013-06-02,0,8,12.3
2013-06-03,0,15.3,13.2
2013-06-04,0,13.6,14.3
2013-06-05,0,11.6,15.2
2013-06-06,0,16,17
2013-06-07,0,16.3,15.4
2013-06-08,0,13.4,13.5
2013-06-09,0,8.2,12.6
2013-06-10,0,10.5,13.8
2013-06-11,0,11,13.5
2013-06-12,7.3,7.8,17.4
2013-06-13,17,0.3,16
2013-06-14,0,8.7,14.5
2013-06-15,5.5,10.2,14.5
2013-06-16,0.1,6.9,13.6
2013-06-17,0.3,12.5,14.7
2013-06-18,0,13.2,17.6
2013-06-19,NA,3.1,20.9
2013-06-20,1.2,10.9,20.2
2013-06-21,3,1.2,18.1
2013-06-22,5.2,2.4,17.5
2013-06-23,1.8,4.3,15.9
2013-06-24,1.6,2.5,14.8
2013-06-25,0.5,0,13.9
2013-06-26,0.4,1.3,12.5
2013-06-27,5.2,0.2,11.6
2013-06-28,9.8,0.7,11.8
2013-06-29,1.5,3.6,13.1
2013-06-30,1.3,4.8,12.6
2013-07-01,0.3,6,15.6
2013-07-02,0.1,8.5,15.1
2013-07-03,10.2,2,18
2013-07-04,0,0.2,17.2
2013-07-05,0,8.1,16.9
2013-07-06,0,16,15.3
2013-07-07,0,15.1,17.2
2013-07-08,0,14.5,18.4
2013-07-09,0,14.5,18.6
2013-07-10,0,11.4,16.8
2013-07-11,0,14.8,16.7
2013-07-12,0,14.4,16
2013-07-13,0,8.7,16.1
2013-07-14,0,6.2,15.7
2013-07-15,0,7.9,15.9
2013-07-16,0,9.2,17.8
2013-07-17,0,9.1,18.7
2013-07-18,0,13.2,18.9
2013-07-19,0,9,18.9
2013-07-20,0,15.6,18.9
2013-07-21,0,15.7,20.6
2013-07-22,0,15.6,21
2013-07-23,0,15.3,20.5
2013-07-24,2.1,10.3,20.6
2013-07-25,0.1,8.2,20.6
2013-07-26,0,6.6,23.2
2013-07-27,24.4,8.8,22.3
2013-07-28,0,6.8,21.7
2013-07-29,0.5,7,19.6
2013-07-30,19.9,7.8,18.8
2013-07-31,0.4,9.3,17.9
2013-08-01,0,5.3,20.6
2013-08-02,0,15,26.1
2013-08-03,2.3,7.1,22
2013-08-04,0,11.3,19.1
2013-08-05,0,11.4,21.6
2013-08-06,0,9.5,20.7
2013-08-07,13.4,8.7,17.3
2013-08-08,0,0.8,17.5
2013-08-09,0.2,9.4,17.3
2013-08-10,1.2,4.5,17.6
2013-08-11,11.1,3.1,15.4
2013-08-12,2.9,2.3,14.6
2013-08-13,5.2,9.2,14.4
2013-08-14,0,10.2,15.3
2013-08-15,0.1,7.7,16.4
2013-08-16,8.2,5.5,19.6
2013-08-17,0.2,3.9,18.7
2013-08-18,1,0.7,18.1
2013-08-19,0,5.5,16
2013-08-20,0,4.7,15.3
2013-08-21,0,9.6,16.7
2013-08-22,0,7.2,18.6
2013-08-23,0,12.4,18.8
2013-08-24,0,13.5,18.1
2013-08-25,0,13.5,18.8
2013-08-26,0,13.5,17.9
2013-08-27,0,11.1,17.7
2013-08-28,0,11.1,17.3
2013-08-29,0,8.5,16.2
2013-08-30,0,0.8,17.3
2013-08-31,1.6,3.7,16.4
2013-09-01,8.3,3.9,13.7
2013-09-02,4.8,0,15.5
2013-09-03,0,0.7,16.7
2013-09-04,0,2.4,15.5
2013-09-05,0,12.3,18.8
2013-09-06,0,12.4,21
2013-09-07,0,6.4,20
2013-09-08,0.8,1.1,17.3
2013-09-09,17.2,0,12
2013-09-10,1.8,3.3,11.9
2013-09-11,0.1,1.1,12.6
2013-09-12,0.2,1.9,13.9
2013-09-13,0,3.3,15
2013-09-14,6,4.1,15.3
2013-09-15,6.7,4,13.7
2013-09-16,1.9,4.8,11.4
2013-09-17,3.7,6.5,10.1
2013-09-18,0,6.1,10.8
2013-09-19,1.3,6.4,11.4
2013-09-20,0,0.6,11.7
2013-09-21,0,1.1,13
2013-09-22,0.1,1.9,15.6
2013-09-23,0,1.3,15.9
2013-09-24,0,1.8,13.9
2013-09-25,16.7,1.3,11.1
2013-09-26,1,9.2,10.3
2013-09-27,0.7,4.3,9.9
2013-09-28,0,9.9,9.3
2013-09-29,0,9.8,11.4
2013-09-30,0,10.1,10.9
2013-10-01,0,9.9,10.8
2013-10-02,0,10.2,10.1
2013-10-03,0,9.6,9.1
2013-10-04,1.3,2.5,9.6
2013-10-05,0,0.2,13.5
2013-10-06,0,0.4,12.3
2013-10-07,0,6.8,12.7
2013-10-08,0,2.1,13.1
2013-10-09,0.8,0.1,13.4
2013-10-10,0.4,3.2,9.9
2013-10-11,0,0.8,13.4
2013-10-12,9.8,0,13
2013-10-13,0,1.5,10
2013-10-14,0.1,5.9,9.5
2013-10-15,10.7,0,9.8
2013-10-16,0.6,0.2,11.5
2013-10-17,7,0,11.2
2013-10-18,0,7.3,7.8
2013-10-19,4.7,0,8.2
2013-10-20,7.6,0.3,13.9
2013-10-21,0.2,0.2,13.5
2013-10-22,0.1,6.8,15.8
2013-10-23,0.3,0.4,16.3
2013-10-24,0.1,3,11.6
2013-10-25,0.9,0.3,10.7
2013-10-26,0.3,2.8,15.3
2013-10-27,1.9,1.9,14.1
2013-10-28,13.5,0.4,13
2013-10-29,5.5,0.5,10.2
2013-10-30,1.3,3.3,8.9
2013-10-31,5.8,3.9,9.1
2013-11-01,2.3,0,10.2
2013-11-02,8.2,0.1,9.1
2013-11-03,0.3,1.4,9.7
2013-11-04,6.5,0,6.5
2013-11-05,2.2,2.8,7.7
2013-11-06,4.3,3.1,6.8
2013-11-07,0.5,1.6,8.2
2013-11-08,2.6,4.7,7.7
2013-11-09,11.7,1.4,7.7
2013-11-10,0.2,4.6,5.7
2013-11-11,0,4.6,5.9
2013-11-12,1.7,0,6.7
2013-11-13,0,5.4,6.7
2013-11-14,0,1.3,6.2
2013-11-15,0,0,6.2
2013-11-16,0,0,8.1
2013-11-17,0,3.9,7.7
2013-11-18,0.1,0,6.2
2013-11-19,0.1,0,5.3
2013-11-20,0,1.1,2
2013-11-21,1.2,5,1.4
2013-11-22,0,0,5.4
2013-11-23,0.2,3.8,4.6
2013-11-24,0,5,3.4
2013-11-25,0,5.7,0.3
2013-11-26,0.8,4,0.8
2013-11-27,0.6,0,6.7
2013-11-28,0,3,7.7
2013-11-29,10.6,0,5.6
2013-11-30,0.1,0,5.4
2013-12-01,0.1,0.5,6.8
2013-12-02,0,1.9,1
2013-12-03,0,0,1.5
2013-12-04,1.9,0,4.9
2013-12-05,10.2,0,4.1
2013-12-06,2.1,0.2,1.7
2013-12-07,1.6,1.7,0.8
2013-12-08,12,0,5.5
2013-12-09,0.1,0,9
2013-12-10,0,0,7.1
2013-12-11,0,0,4.4
2013-12-12,0.4,0,2.2
2013-12-13,3.6,0,3.1
2013-12-14,0.4,0,3.2
2013-12-15,1.7,0,6.9
2013-12-16,1.5,0,8.8
2013-12-17,0.2,0.1,5.6
2013-12-18,0,0.2,5.6
2013-12-19,5.9,0,6.4
2013-12-20,0,0,4.6
2013-12-21,3.3,0,6.3
2013-12-22,1.7,0.1,7.3
2013-12-23,0.8,2,6.1
2013-12-24,7.5,0,11
2013-12-25,0.3,0.3,7.5
2013-12-26,2.1,0,3.1
2013-12-27,5,0,5.7
2013-12-28,0.2,0,6.8
2013-12-29,5.5,0,5.3
2013-12-30,0.1,2.8,4.5
2013-12-31,0,2.8,4.6
2014-01-01,0.6,0.5,3.6
2014-01-02,1,0,5.9
2014-01-03,2.7,0,6.7
2014-01-04,0,1.1,6.4
2014-01-05,0.7,0,5
2014-01-06,10.4,0,6.7
2014-01-07,0.8,0.3,9.5
2014-01-08,2.4,0,8.5
2014-01-09,9.9,0,7.9
2014-01-10,3.5,0.6,6.4
2014-01-11,5.3,0,5.4
2014-01-12,0,3.6,4.2
2014-01-13,1.7,0,3.3
2014-01-14,0,1.2,3.2
2014-01-15,3,0,3.1
2014-01-16,10,0,2.8
2014-01-17,1.9,0.4,5.8
2014-01-18,0.2,0,5.6
2014-01-19,0,0,2.8
2014-01-20,0.2,0,0.3
2014-01-21,1.8,0,-0.5
2014-01-22,0,0,-2.6
2014-01-23,0,0,-3.1
2014-01-24,0,4.4,-5
2014-01-25,0,2.2,-7.4
2014-01-26,1.1,5.8,-8.8
2014-01-27,0.4,2.6,-2.1
2014-01-28,0,0,-0.9
2014-01-29,0.7,0,-4.7
2014-01-30,0.7,0,-4.5
2014-01-31,0,0,-3.6
2014-02-01,1.4,0,2.3
2014-02-02,0,5.2,4.1
2014-02-03,0,5,1.7
2014-02-04,0,3.4,2.5
2014-02-05,0.1,2.9,2.1
2014-02-06,2.5,0.2,6.2
2014-02-07,7.2,0.3,6.4
2014-02-08,1.1,0,5.6
2014-02-09,8,2.3,5.8
2014-02-10,0.1,5.2,5.1
2014-02-11,0.3,1.6,4
2014-02-12,2.2,3.7,5
2014-02-13,4.4,2.6,5.8
2014-02-14,0.7,2.6,4.1
2014-02-15,4.3,1.2,9
2014-02-16,7.9,0.3,5.6
2014-02-17,0,7.1,4.5
2014-02-18,0.1,0.6,5.7
2014-02-19,1.6,0,5.7
2014-02-20,4.7,1.7,7.6
2014-02-21,1.5,0,7
2014-02-22,0.3,1.3,5.1
2014-02-23,0,8,6.7
2014-02-24,0,7.2,7.2
2014-02-25,0,6.7,8
2014-02-26,0,3.3,8.5
2014-02-27,0,6.7,6.1
2014-02-28,0,0.2,4.2
2014-03-01,0.1,3.8,3.4
2014-03-02,0,2.3,5.3
2014-03-03,0,7,6.4
2014-03-04,0.1,0.3,5.2
2014-03-05,0,0,4
2014-03-06,0,5.1,6.6
2014-03-07,0.1,1.9,8.7
2014-03-08,0,9.6,6.8
2014-03-09,0,10.3,12.2
2014-03-10,0,10.4,11.1
2014-03-11,0,10.9,5.1
2014-03-12,0,11,5
2014-03-13,0,10.7,7
2014-03-14,5.1,8.5,7.2
2014-03-15,1.7,6.2,7.7
2014-03-16,0.8,0,8.6
2014-03-17,0,0,8.8
2014-03-18,1.9,0.9,8.4
2014-03-19,0.2,0.3,8.2
2014-03-20,0.8,10.4,13.1
2014-03-21,10.4,0,7.5
2014-03-22,2.5,4.5,6
2014-03-23,0,7.2,5.8
2014-03-24,0,6,4.5
2014-03-25,2.4,10.6,4.2
2014-03-26,0.2,4.5,5.3
2014-03-27,0,4.3,4.2
2014-03-28,0,0.1,5.2
2014-03-29,0,6,7
2014-03-30,0,7.8,7.1
2014-03-31,0,0.3,5.5
2014-04-01,0,0,5.3
2014-04-02,0,5.5,8
2014-04-03,0,6.4,6
2014-04-04,25.7,1,5.5
2014-04-05,1.2,0,8.3
2014-04-06,11.6,0,11.2
2014-04-07,0.4,2.4,14.5
2014-04-08,10.4,0.7,10.6
2014-04-09,0,2.6,8.5
2014-04-10,0,0.4,8
2014-04-11,0,4.4,9.3
2014-04-12,1.5,5,7.7
2014-04-13,4.7,6.6,9.1
2014-04-14,0.2,6.2,7.4
2014-04-15,0,13.5,7
2014-04-16,0,13.2,7.1
2014-04-17,3.5,6.5,10.2
2014-04-18,0.5,0.3,6.9
2014-04-19,0,10.5,9
2014-04-20,0,13.2,11.1
2014-04-21,0.2,5.7,10.9
2014-04-22,20.6,6.5,12.1
2014-04-23,0.4,0.1,9.3
2014-04-24,0,0,8.3
2014-04-25,0,13.5,10.7
2014-04-26,0,13.7,11.8
2014-04-27,0,13.5,12.5
2014-04-28,0,14.1,12.1
2014-04-29,0,13.6,13.2
2014-04-30,0,9.3,13.2
2014-05-01,0,10.3,8.9
2014-05-02,0,7.5,8.2
2014-05-03,0,10,7.7
2014-05-04,0,0.7,8
2014-05-05,0,0,9
2014-05-06,7.1,1.7,12.7
2014-05-07,3.1,4.2,12.4
2014-05-08,8.4,1,10.9
2014-05-09,2.5,1.4,11
2014-05-10,3,0.5,11.4
2014-05-11,10.8,1.5,10.8
2014-05-12,0.9,2,11
2014-05-13,0.3,4.5,9.7
2014-05-14,0,3.1,9.3
2014-05-15,0,7.9,11.2
2014-05-16,0,10.1,10.7
2014-05-17,0,11.6,12.6
2014-05-18,1.5,6.9,13.5
2014-05-19,0.1,3.2,12.9
2014-05-20,0,15.1,16.3
2014-05-21,0,10.1,21
2014-05-22,5.2,13.2,21.8
2014-05-23,4.7,3,16.2
2014-05-24,0,13.4,15.3
2014-05-25,0,9.7,17.4
2014-05-26,0,15.3,17.1
2014-05-27,0,4.3,13.2
2014-05-28,0,0.7,9.9
2014-05-29,0,10.6,10.7
2014-05-30,0,15.5,13.3
2014-05-31,0,9.7,13.3
2014-06-01,0,1.4,12.3
2014-06-02,0,15.3,13.6
2014-06-03,0,11.3,15.9
2014-06-04,0.5,12.2,17.7
2014-06-05,20.8,4.8,14.6
2014-06-06,0,13.2,15.7
2014-06-07,0,12.7,15
2014-06-08,0,5.2,19
2014-06-09,0,10.8,18
2014-06-10,0,10.3,21.7
2014-06-11,0.3,6.5,19
2014-06-12,0.2,10,16.4
2014-06-13,0.2,3.2,15.4
2014-06-14,0,11,15.5
2014-06-15,0,16.1,15.2
2014-06-16,0,5.1,16.1
2014-06-17,0,13.2,16.8
2014-06-18,0,6.3,15.7
2014-06-19,1.1,1.1,14.2
2014-06-20,0,6.1,14
2014-06-21,2.8,3.8,13.6
2014-06-22,0,9.3,13.5
2014-06-23,4.7,7.5,13.9
2014-06-24,0.1,0.4,13.1
2014-06-25,0,14.6,15.4
2014-06-26,3,8.9,15.1
2014-06-27,1.4,4.3,16.5
2014-06-28,21.2,2.9,16
2014-06-29,0.4,4.8,15.4
2014-06-30,0,10.1,15.1
2014-07-01,3,6.6,13.3
2014-07-02,0,6.8,14.5
2014-07-03,0,3.6,17.1
2014-07-04,0,15,22.2
2014-07-05,7.1,2.9,21.3
2014-07-06,0.1,8.6,22.2
2014-07-07,0,6.3,19.4
2014-07-08,13,0.6,18.6
2014-07-09,0,13.1,21.9
2014-07-10,0,15.7,22.1
2014-07-11,0,15.3,20.5
2014-07-12,0,12.1,18.5
2014-07-13,13.7,0.1,16.8
2014-07-14,0.8,3,17.2
2014-07-15,0,8.9,19.4
2014-07-16,0,4.3,17.9
2014-07-17,0,13.5,19
2014-07-18,0,13.5,21.9
2014-07-19,0,14.6,23.7
2014-07-20,0,9.4,21.6
2014-07-21,0,14,21.4
2014-07-22,0,14.9,22.5
2014-07-23,0,15.5,22
2014-07-24,0,13.1,22.2
2014-07-25,3.4,9.9,23.2
2014-07-26,0.9,3.4,21.3
2014-07-27,0,7.9,22
2014-07-28,0,13.5,21.2
2014-07-29,0,12,23
2014-07-30,0,3.7,20.7
2014-07-31,0.3,9.1,19.6
2014-08-01,0,11.2,22.9
2014-08-02,0,9.8,23.1
2014-08-03,10.3,5.3,21.5
2014-08-04,0.1,3.9,19.7
2014-08-05,0,6.3,19.4
2014-08-06,0,11.9,18.9
2014-08-07,2.6,1.2,18.5
2014-08-08,0,10.1,19.4
2014-08-09,4.1,5,19.6
2014-08-10,0.5,6.1,20.6
2014-08-11,2.4,8.4,17.8
2014-08-12,10.3,6.1,15.2
2014-08-13,0,9,17.1
2014-08-14,2,3.9,16.1
2014-08-15,1.5,5.4,16
2014-08-16,1.5,3.5,14.9
2014-08-17,17,0,14.2
2014-08-18,10,3.6,13.8
2014-08-19,10.1,6.2,12.7
2014-08-20,1.1,6.5,13.1
2014-08-21,3.4,7.6,13.2
2014-08-22,7.2,3.9,14
2014-08-23,2.1,7.1,13.1
2014-08-24,1.3,10.1,13.1
2014-08-25,2.1,5.7,12.1
2014-08-26,0,11.4,12.9
2014-08-27,0,12.8,14.8
2014-08-28,0,10.6,15.2
2014-08-29,3.2,4.9,17.3
2014-08-30,13.5,1.6,16
2014-08-31,0.3,1.5,15.2
2014-09-01,0.4,0.4,16.6
2014-09-02,0,10.9,16.5
2014-09-03,0,11.1,15.7
2014-09-04,0,12.8,16.7
2014-09-05,0,7.3,18.6
2014-09-06,14.1,8.6,19.7
2014-09-07,0,1,17.5
2014-09-08,0.1,7.6,14.7
2014-09-09,1.5,4,14.2
2014-09-10,0,8.3,16.3
2014-09-11,0,7.7,16
2014-09-12,0,9.1,16.3
2014-09-13,2.3,2,16.2
2014-09-14,14,0.3,16.6
2014-09-15,0,5.2,18
2014-09-16,0,11,18
2014-09-17,0,9.5,17.4
2014-09-18,0,11,17.7
2014-09-19,0,10.9,17.8
2014-09-20,1.6,5.2,16.7
2014-09-21,0.2,6,15.1
2014-09-22,0,1.2,11.9
2014-09-23,0,6.8,11.6
2014-09-24,0.7,0.6,13.3
2014-09-25,0.8,1.2,13
2014-09-26,0.9,0.8,15.5
2014-09-27,0,8.5,12.8
2014-09-28,0,5.8,14.2
2014-09-29,1.4,1.9,15.3
2014-09-30,9.7,0,15.6
2014-10-01,0.2,1.7,16.1
2014-10-02,0,1.8,16
2014-10-03,0,4.2,17.2
2014-10-04,0,10,15.5
2014-10-05,0,8.8,13.8
2014-10-06,0,4.6,13.7
2014-10-07,8.2,0.2,12.3
2014-10-08,0.8,4,12.6
2014-10-09,0,3,16
2014-10-10,0,4.3,13.9
2014-10-11,1.6,6,13.7
2014-10-12,0.6,2.2,13.1
2014-10-13,13.3,0,12.4
2014-10-14,1.4,1.8,13.1
2014-10-15,0,0.2,13.2
2014-10-16,0,0,13
2014-10-17,5.1,0.2,13.2
2014-10-18,0,0,14.2
2014-10-19,11.9,0,16.4
2014-10-20,0.8,3.9,13.8
2014-10-21,9,0,11.7
2014-10-22,0,1.7,11.5
2014-10-23,0,2.1,11.2
2014-10-24,1.1,0.6,12.3
2014-10-25,0.4,0.1,11.1
2014-10-26,0,1.7,11.5
2014-10-27,0,5.8,13.1
2014-10-28,0,7.3,10.7
2014-10-29,0,0,6.8
2014-10-30,0.1,6.1,7.2
2014-10-31,0,0,11.8
2014-11-01,0,4.7,14.3
2014-11-02,1.1,4.1,13.7
2014-11-03,1,3.2,13.6
2014-11-04,6.8,0.4,11.6
2014-11-05,2.1,0,9.3
2014-11-06,0,3.1,8.1
2014-11-07,0,5.9,7.2
2014-11-08,0,0.9,8.7
2014-11-09,0,4,8.5
2014-11-10,0.9,1.4,8
2014-11-11,0,5.4,7.8
2014-11-12,0.5,0,10
2014-11-13,0,0,10.5
2014-11-14,0,0,10.2
2014-11-15,0,0,9.7
2014-11-16,3,0,8.6
2014-11-17,0,0.8,8.8
2014-11-18,0.7,0,8.7
2014-11-19,0,0,8.1
2014-11-20,0,0.5,6.2
2014-11-21,0,0.7,5.4
2014-11-22,1.7,0.1,5
2014-11-23,3.5,0.2,6.6
2014-11-24,2.8,3.9,8.3
2014-11-25,0,5.2,4.4
2014-11-26,0,3.6,4
2014-11-27,0,4.3,3.7
2014-11-28,0,0.5,2
2014-11-29,0,0,0.9
2014-11-30,0,0,0.2
2014-12-01,0,0,-1.9
2014-12-02,0,0,-2.6
2014-12-03,0,0,0.3
2014-12-04,2.7,0,2.6
2014-12-05,0.3,0,2.5
2014-12-06,0,4,4
2014-12-07,8.7,0,3.6
2014-12-08,3.5,0,3.1
2014-12-09,2.4,0,2.7
2014-12-10,4.9,0.4,4.2
2014-12-11,22.2,0,3.5
2014-12-12,13.6,0,5.2
2014-12-13,0.3,1.7,4
2014-12-14,1.3,2.6,2.3
2014-12-15,5.9,0,3.9
2014-12-16,3.8,0.1,4.3
2014-12-17,1.4,0,3.6
2014-12-18,19.2,0,9.4
2014-12-19,7.2,0.2,8
2014-12-20,7.5,0.4,5.1
2014-12-21,18.1,0,6.3
2014-12-22,22.4,0,9.5
2014-12-23,19.9,0,9.3
2014-12-24,13.1,1.3,7.5
2014-12-25,5.3,0,3.3
2014-12-26,0.5,1.5,-0.7
2014-12-27,0,2.9,-0.9
2014-12-28,0.7,4.3,-0.5
2014-12-29,2.5,2.2,1.3
2014-12-30,0,0,4.5
2014-12-31,0.1,1,6.3
2015-01-01,8,0,4.5
2015-01-02,2.2,0.7,6.7
2015-01-03,4.2,0,4.5
2015-01-04,0,4.7,3.7
2015-01-05,0.2,0,5.3
2015-01-06,0.2,0,3.4
2015-01-07,1.3,2.2,4.6
2015-01-08,7.5,0,5.3
2015-01-09,12.6,0.1,6.7
2015-01-10,6,0,7.7
2015-01-11,4,0.5,4.3
2015-01-12,13.8,0,7.3
2015-01-13,12,0,6.6
2015-01-14,6.2,0.3,3.1
2015-01-15,13.6,0,5.3
2015-01-16,0,0.3,6
2015-01-17,0,4.9,3
2015-01-18,4.1,0,1.7
2015-01-19,1.3,0,0.8
2015-01-20,1.3,0,-0.3
2015-01-21,0,0,-1.4
2015-01-22,0,0.4,-3.3
2015-01-23,0,0,-1.7
2015-01-24,1.9,0,-1.1
2015-01-25,0,2.7,1.7
2015-01-26,6.4,0,3
2015-01-27,0,5.9,3.4
2015-01-28,16.6,0,4
2015-01-29,8.1,0,1.4
2015-01-30,0,0.6,0.7
2015-01-31,0,0,-2.4
2015-02-01,4.5,0.1,-1.2
2015-02-02,0.2,0.9,0.2
2015-02-03,0.4,0.2,-1.1
2015-02-04,0.5,1.8,-1.5
2015-02-05,0,2.6,0.2
2015-02-06,0,5.3,-1
2015-02-07,0,0,3
2015-02-08,0.1,6.9,2.7
2015-02-09,0,0,5.7
2015-02-10,0,1.6,5.7
2015-02-11,0,0,3.3
2015-02-12,0,0,1.9
2015-02-13,0,0,0.5
2015-02-14,0,1,1.1
2015-02-15,0,0,2.9
2015-02-16,0,0,1.5
2015-02-17,0,0.3,0.5
2015-02-18,0,5.4,4
2015-02-19,0,6.9,3.7
2015-02-20,5.9,0,3.4
2015-02-21,3.5,0,3.7
2015-02-22,0.8,4.3,3.5
2015-02-23,1.7,0.4,3.5
2015-02-24,0,1.5,4.6
2015-02-25,0.7,3.7,4.1
2015-02-26,1,2.1,5.3
2015-02-27,4.8,0,3.6
2015-02-28,1.7,4.3,3.4
2015-03-01,2.1,0.7,5.1
2015-03-02,2.9,0.8,4.3
2015-03-03,6.8,1.8,2.9
2015-03-04,2.3,2.9,3
2015-03-05,0.1,2.9,4.3
2015-03-06,0,0.5,6.6
2015-03-07,0,0.4,8.5
2015-03-08,0,9.3,9.7
2015-03-09,1,5.1,6.9
2015-03-10,0,5.6,7.3
2015-03-11,0,10.8,5.6
2015-03-12,0,10.8,3.7
2015-03-13,0,2.6,3.4
2015-03-14,0,1.2,4.3
2015-03-15,0,0,4.9
2015-03-16,0,6.9,7.3
2015-03-17,0,9.4,8.1
2015-03-18,0,6.3,8.1
2015-03-19,0,11.1,4.9
2015-03-20,4.1,1.4,2.8
2015-03-21,3.3,0,3.7
2015-03-22,0,11.2,2.5
2015-03-23,0,10,4.4
2015-03-24,0,2.4,4.8
2015-03-25,1.7,2,5.3
2015-03-26,0,0.5,6.2
2015-03-27,2.5,0.3,5.8
2015-03-28,8.9,1.4,6.8
2015-03-29,13,0,8
2015-03-30,6.7,3.2,5.4
2015-03-31,11.3,0.1,4.2
2015-04-01,3.1,4.8,3.8
2015-04-02,0.4,8.7,4
2015-04-03,0,7.4,4.9
2015-04-04,0,12.4,4.1
2015-04-05,0,10.5,4.7
2015-04-06,0,12.7,5.3
2015-04-07,0,0.4,5.4
2015-04-08,0,7.3,9.1
2015-04-09,0,7.2,8.1
2015-04-10,0,9.5,9.4
2015-04-11,6.5,8.1,11.3
2015-04-12,1.6,6.3,9.6
2015-04-13,0.1,9.7,6.8
2015-04-14,0,0.1,7.7
2015-04-15,0,10,11.2
2015-04-16,0,6.3,7.1
2015-04-17,0,10.8,7.3
2015-04-18,0,12.1,7.6
2015-04-19,0,11.9,7.3
2015-04-20,0,13.9,9.6
2015-04-21,0,13.9,10.2
2015-04-22,0,10.8,10
2015-04-23,0,9.9,9.9
2015-04-24,0.1,7.4,10.6
2015-04-25,5.7,0,11.6
2015-04-26,0.8,0,7.8
2015-04-27,0,6.2,7.4
2015-04-28,0,9.4,6
2015-04-29,0.3,9.3,9.3
2015-04-30,1.4,3.4,8.9
2015-05-01,0,6.3,7.4
2015-05-02,0,10.4,6.9
2015-05-03,7.7,9.7,10
2015-05-04,1.9,5.6,14.1
2015-05-05,14.8,3.8,15.6
2015-05-06,3.1,9.6,12.7
2015-05-07,2.4,5.7,10.4
2015-05-08,0,9.1,9
2015-05-09,3.7,1.5,11.5
2015-05-10,0,8.2,10.2
2015-05-11,0,11.4,15.5
2015-05-12,2.9,3,12.7
2015-05-13,0,2.3,10.6
2015-05-14,0,0.2,9.5
2015-05-15,0,7.7,9.9
2015-05-16,0.3,0,8.8
2015-05-17,0.4,8.7,9.8
2015-05-18,8.9,0,10.5
2015-05-19,12.4,5.8,9.4
2015-05-20,1.7,9.1,9.8
2015-05-21,0.2,7.9,10
2015-05-22,1.1,8.2,13.2
2015-05-23,0.4,7.5,11.2
2015-05-24,0.5,13.9,10.5
2015-05-25,0,0.4,10.5
2015-05-26,0,6.7,10.5
2015-05-27,0,4.5,11.2
2015-05-28,4.3,3,11.7
2015-05-29,3.4,6.4,11.1
2015-05-30,0.8,7.5,10.2
2015-05-31,3.7,1.5,12.3
2015-06-01,2.2,12.7,12.4
2015-06-02,0.6,1.3,13.9
2015-06-03,0,5.4,13.8
2015-06-04,0,15.6,12.8
2015-06-05,0.9,13.4,17.7
2015-06-06,0,9.3,17
2015-06-07,0,12.9,12.9
2015-06-08,0,6.7,11.2
2015-06-09,0,9.6,11.9
2015-06-10,0,16.3,14.6
2015-06-11,0,16,13
2015-06-12,0,16.2,16.6
2015-06-13,3.7,3.4,18.2
2015-06-14,0,0.6,12.9
2015-06-15,0,4.6,10.5
2015-06-16,0,3.3,11.2
2015-06-17,4.7,3.4,12.6
2015-06-18,1.3,1.8,12.4
2015-06-19,0.7,1.5,12.3
2015-06-20,0,8.3,13.4
2015-06-21,14.4,2.2,13.8
2015-06-22,1.8,5,12.8
2015-06-23,0.4,7.7,14
2015-06-24,0.1,0.2,12.3
2015-06-25,0,4.1,14.5
2015-06-26,0.1,5.2,16.1
2015-06-27,0.1,2,16.9
2015-06-28,2.6,11.5,16.2
2015-06-29,0,11.5,18.1
2015-06-30,0,14.1,17.1
2015-07-01,0,16.5,19.1
2015-07-02,0,16.4,23
2015-07-03,0,13,22.8
2015-07-04,0.2,13,23
2015-07-05,15.9,4.2,22.4
2015-07-06,0,12.1,17.6
2015-07-07,2.4,8.4,19.8
2015-07-08,4,6.3,15.9
2015-07-09,0.1,6.1,13.1
2015-07-10,0,11.1,13.7
2015-07-11,0,7.5,14.7
2015-07-12,0.3,0.3,16.8
2015-07-13,0,2.9,17.1
2015-07-14,0,6.7,17.1
2015-07-15,3.9,11.4,16.6
2015-07-16,0,6.8,16.4
2015-07-17,1.8,12.2,19.2
2015-07-18,0,11.3,18.2
2015-07-19,2.3,0,13.6
2015-07-20,0.8,7.7,15.9
2015-07-21,1.2,10,18.9
2015-07-22,0,9.4,19
2015-07-23,0,6.3,15.9
2015-07-24,21.6,6.2,16.5
2015-07-25,8.9,1.8,17.4
2015-07-26,0.7,7.8,15.2
2015-07-27,21.8,0.6,15.2
2015-07-28,14.2,2.3,15.6
2015-07-29,22.5,3,13.9
2015-07-30,2.1,0,13.4
2015-07-31,0,4.4,13.5
2015-08-01,0,12.6,13.9
2015-08-02,0,12.8,16.4
2015-08-03,0,14.5,21
2015-08-04,4.1,8.1,22.3
2015-08-05,0,13.4,18.1
2015-08-06,0,12.9,22.3
2015-08-07,3.7,7.5,19.3
2015-08-08,0,2.7,17.4
2015-08-09,0,13.7,17.6
2015-08-10,11.5,5.6,19.4
2015-08-11,0,7.2,19.7
2015-08-12,0,4.3,17.6
2015-08-13,0,13.9,18.4
2015-08-14,0.4,9.9,20.9
2015-08-15,0,3.3,19.6
2015-08-16,9,4.2,19.5
2015-08-17,3.3,0.1,18.7
2015-08-18,0.3,0,18
2015-08-19,0,6,17
2015-08-20,0,8.7,17
2015-08-21,0,12.9,18.6
2015-08-22,0,13.5,19.1
2015-08-23,0,13.2,18.8
2015-08-24,0,4.9,19.8
2015-08-25,6.4,5.8,17.3
2015-08-26,3,5.6,19.5
2015-08-27,5.1,0.5,17
2015-08-28,0,7.9,16.4
2015-08-29,0,7.9,16.7
2015-08-30,0,4.4,17.3
2015-08-31,2.7,6,19.6
2015-09-01,0,0.1,17.1
2015-09-02,0,6.5,14.6
2015-09-03,0,9.8,14.3
2015-09-04,1.3,3.4,13.6
2015-09-05,5,5,13
2015-09-06,0,7.1,13.8
2015-09-07,0,12.3,12.9
2015-09-08,0,10,13.5
2015-09-09,0,10.5,13.5
2015-09-10,0,9.9,14.9
2015-09-11,1.6,0.5,14.7
2015-09-12,7.3,6,16.3
2015-09-13,4.3,1.3,17
2015-09-14,21.8,3,16.6
2015-09-15,10,6.7,13.1
2015-09-16,2,0.1,14.5
2015-09-17,4.3,0.9,16.7
2015-09-18,0,4.7,14.5
2015-09-19,1.6,3.5,13.4
2015-09-20,0.1,7.3,12.8
2015-09-21,1,0.4,11.9
2015-09-22,1.3,0.5,13.5
2015-09-23,0,0.6,12.6
2015-09-24,2.4,5.1,13.5
2015-09-25,0,4.9,12.2
2015-09-26,0,8.1,11.1
2015-09-27,0,10,10.6
2015-09-28,0,8.2,10.3
2015-09-29,0,9.4,11.1
2015-09-30,0,11.1,10.4
2015-10-01,0,9.8,10.4
2015-10-02,0.1,7.8,11.4
2015-10-03,0,4.9,11.1
2015-10-04,0,2.4,12.1
2015-10-05,0,6.3,12.7
2015-10-06,3,0,13.7
2015-10-07,12.4,0,13.1
2015-10-08,1.1,0,11.3
2015-10-09,0,0,10.1
2015-10-10,0,6.6,8.7
2015-10-11,0,8.7,8.4
2015-10-12,0,8.2,7.2
2015-10-13,3,0,7.2
2015-10-14,1.4,0,7.9
2015-10-15,1.4,0,9.2
2015-10-16,7.3,0,9.5
2015-10-17,7.9,0,10.1
2015-10-18,3.5,0,11
2015-10-19,0,0.6,8.3
2015-10-20,0.1,1.3,7.1
2015-10-21,0,0.5,10
2015-10-22,0.9,0,11.1
2015-10-23,0,6.7,11.3
2015-10-24,0.6,0.1,11
2015-10-25,0,6.7,10.1
2015-10-26,0,7.5,7.9
2015-10-27,0,7.3,8.6
2015-10-28,0,6.5,9.2
2015-10-29,0,4.7,8.7
2015-10-30,0,0,9.8
2015-10-31,0,4.9,9.7
2015-11-01,0,3.4,8.8
2015-11-02,0,0,9
2015-11-03,0,0,4.9
2015-11-04,0,5.2,6.1
2015-11-05,9.7,1,11.4
2015-11-06,9.6,0,13
2015-11-07,3.5,0.1,14.8
2015-11-08,5.9,4.5,12.2
2015-11-09,4.8,0.6,12.1
2015-11-10,0.5,0,14.4
2015-11-11,1.4,0,13.4
2015-11-12,0,4.3,12
2015-11-13,7.2,2.8,10.1
2015-11-14,4.9,1.1,7.3
2015-11-15,11,0,8.3
2015-11-16,8.1,0,11.2
2015-11-17,14.3,0.1,10.2
2015-11-18,13.6,1.8,11.1
2015-11-19,5.6,0.7,9.7
2015-11-20,10.2,0.2,7.2
2015-11-21,8,0,4.4
2015-11-22,6.7,0,2.2
2015-11-23,0.9,4.6,2.8
2015-11-24,3.1,0,3
2015-11-25,0.1,0,3.9
2015-11-26,0,5.6,4.1
2015-11-27,0,0,4.4
2015-11-28,7.2,2.9,5
2015-11-29,18.2,0,7.4
2015-11-30,3.1,0.2,4.9
2015-12-01,2.8,0.8,5.8
2015-12-02,0,0,10
2015-12-03,1.6,0,9.4
2015-12-04,0.9,1.4,8.7
2015-12-05,0.4,0,9.1
2015-12-06,0.3,0.1,10
2015-12-07,0.4,1,7.8
2015-12-08,2.7,4.6,9.9
2015-12-09,0,4,8.1
2015-12-10,3.2,0,6.3
2015-12-11,8.5,1,5.5
2015-12-12,16.5,2.2,5.7
2015-12-13,0,4.4,3.9
2015-12-14,0.1,0,2.8
2015-12-15,0.2,0,4.5
2015-12-16,2.3,0,5.9
2015-12-17,1.1,0,11.4
2015-12-18,0.3,0,11.1
2015-12-19,0,0.5,11.4
2015-12-20,0.1,0,11.8
2015-12-21,4.6,0.2,10.3
2015-12-22,3.8,0,10.8
2015-12-23,3,0.2,10.2
2015-12-24,1,2.5,8.3
2015-12-25,10.4,3.5,7.6
2015-12-26,9.2,0,12.5
2015-12-27,0,0,10.1
2015-12-28,0,0,4.6
2015-12-29,0,0.6,4.8
2015-12-30,0,0,4.7
2015-12-31,1.8,0,2.7
2016-01-01,0,0,4.1
2016-01-02,0,0,0
2016-01-03,0,0,-5.6
2016-01-04,0,1.1,-6
2016-01-05,0,2.7,-4.2
2016-01-06,0,4.8,-3.5
2016-01-07,5.7,0.2,-3.8
2016-01-08,3.6,0,0.8
2016-01-09,0,1.8,2
2016-01-10,5.4,0,2.2
2016-01-11,0.5,0.4,2.3
2016-01-12,5.3,0,3.3
2016-01-13,0.7,0,2.4
2016-01-14,0.5,0,1.9
2016-01-15,0,0,1.4
2016-01-16,0.1,0,0
2016-01-17,0,2.7,-1.8
2016-01-18,0,1.7,-2.8
2016-01-19,0.5,0,-2.8
2016-01-20,0,0.8,-2.6
2016-01-21,0,2.5,-5.1
2016-01-22,3.1,4.9,-4.9
2016-01-23,0,0,1.3
2016-01-24,2,0.1,4.9
2016-01-25,0,0,8.3
2016-01-26,5,0.6,8.5
2016-01-27,6.6,0,9.9
2016-01-28,0.2,3.2,6.4
2016-01-29,13.5,0,7
2016-01-30,13.9,0.2,6.6
2016-01-31,14.9,0.1,3.5
2016-02-01,4.4,0,6.8
2016-02-02,3.8,0,7.5
2016-02-03,2.8,0.5,4.5
2016-02-04,1.1,2.3,2.7
2016-02-05,2,0,4.2
2016-02-06,0,0.1,8.6
2016-02-07,0.8,0.7,8.3
2016-02-08,19.1,0.7,7
2016-02-09,19.5,2.4,5.6
2016-02-10,0.6,0.1,3.2
2016-02-11,3.8,0.4,4.4
2016-02-12,1.8,0.2,2.7
2016-02-13,0,0.4,1.3
2016-02-14,1.6,0,2.5
2016-02-15,0,0,0.8
2016-02-16,0,7.8,-0.4
2016-02-17,0.2,6.8,0.5
2016-02-18,0,2.5,1
2016-02-19,1,1,2
2016-02-20,8.8,0,4.2
2016-02-21,8.8,0,6.9
2016-02-22,0.5,0.9,5.4
2016-02-23,1.5,6,4.5
2016-02-24,0.2,6.1,2.2
2016-02-25,2.8,2.6,2
2016-02-26,0,3.5,2
2016-02-27,0,1.8,-0.1
2016-02-28,0,6.2,0.9
2016-02-29,0,1.1,0.4
2016-03-01,2.3,2,1.6
2016-03-02,8,0,3.5
2016-03-03,0.5,0.1,3.2
2016-03-04,2.7,2.5,2.9
2016-03-05,3.4,0,3
2016-03-06,0,1.2,3.3
2016-03-07,0,2.6,3.6
2016-03-08,0,3.3,2.8
2016-03-09,0,9,3.9
2016-03-10,0,0.3,3
2016-03-11,0,0,2.8
2016-03-12,0,0.1,1.9
2016-03-13,0,0,0.4
2016-03-14,0,0,3.4
2016-03-15,0,3.5,4.3
2016-03-16,0,9.1,3.5
2016-03-17,0,11.4,3.9
2016-03-18,0,0,3.8
2016-03-19,0,3.1,3.4
2016-03-20,0,3,6.7
2016-03-21,0.1,0.3,6.5
2016-03-22,0,0.4,6.4
2016-03-23,0,9.1,5.9
2016-03-24,1.2,4.1,4.3
2016-03-25,0.7,0,6.8
2016-03-26,0,6.9,7.4
2016-03-27,2.9,0.9,8.2
2016-03-28,2.1,5.1,8.5
2016-03-29,1.5,5.4,7.1
2016-03-30,2.5,3.4,6.2
2016-03-31,0,6,6.6
2016-04-01,0,11.9,5.3
2016-04-02,0,7.6,9.4
2016-04-03,0.2,1.5,12
2016-04-04,3,2.7,13
2016-04-05,4.8,0,9
2016-04-06,1.6,1.2,9.2
2016-04-07,3.2,5,6.9
2016-04-08,5.5,3.3,6.9
2016-04-09,0,6,6.7
2016-04-10,0,4.8,7.9
2016-04-11,2.2,9.9,7.5
2016-04-12,0.7,3.1,6.8
2016-04-13,0,3.5,7.5
2016-04-14,0,3.9,7.8
2016-04-15,0.1,0.9,9.4
2016-04-16,1.1,3.9,9.6
2016-04-17,0.1,10.1,7
2016-04-18,0.5,0.5,7.3
2016-04-19,0.1,5.3,8
2016-04-20,0,11.8,7.5
2016-04-21,0,10.9,7.5
2016-04-22,0,9.1,7.2
2016-04-23,0.1,9.2,4.7
2016-04-24,0,8.7,3.1
2016-04-25,8.8,1.2,3.3
2016-04-26,19.1,0.5,1.9
2016-04-27,4.5,0.3,3.7
2016-04-28,1.3,5.3,5.6
2016-04-29,4.9,4.9,6.7
2016-04-30,2.4,0.2,7
2016-05-01,0,13.7,7.7
2016-05-02,0,12.7,12
2016-05-03,0.7,4.2,9.8
2016-05-04,0,13.1,8.6
2016-05-05,0,14.7,10.4
2016-05-06,0,13.9,14.5
2016-05-07,0,14.8,17.6
2016-05-08,0,14.8,17.3
2016-05-09,0,14.6,15.4
2016-05-10,0,14.6,16
2016-05-11,0,13.9,15.4
2016-05-12,0,13.2,13
2016-05-13,6.9,13.2,13.1
2016-05-14,3.5,2.5,8.3
2016-05-15,1.7,4.2,7.6
2016-05-16,0,10,8.7
2016-05-17,0,0.2,9.4
2016-05-18,0,6.5,13
2016-05-19,0,8.7,16
2016-05-20,2.2,0.6,14.1
2016-05-21,0,3.3,16.6
2016-05-22,6.7,9.4,19.8
2016-05-23,1.2,0.4,14.8
2016-05-24,0.5,0.5,13.2
2016-05-25,0,1.8,14.7
2016-05-26,2.6,0,13.5
2016-05-27,0,6.8,14.4
2016-05-28,0,10,16.1
2016-05-29,0,1.7,15.5
2016-05-30,0,10.8,17.5
2016-05-31,1.2,12.4,18
2016-06-01,0,8.2,18.8
2016-06-02,0,9.7,18.6
2016-06-03,0,13.9,18.9
2016-06-04,0,14.7,20.2
2016-06-05,0,15.7,20.9
2016-06-06,0,15.8,19.1
2016-06-07,0,14.6,19.6
2016-06-08,0,5.6,16
2016-06-09,0,14.2,15.7
2016-06-10,0,9,14.4
2016-06-11,1.6,11.5,15
2016-06-12,2.3,0,13.4
2016-06-13,6,0.3,14.2
2016-06-14,8.7,0.4,15.3
2016-06-15,20,1.7,15.4
2016-06-16,4.4,5.4,15.5
2016-06-17,0,4,15.9
2016-06-18,0,9.3,15.5
2016-06-19,0,1,14.1
2016-06-20,11.4,8.7,16.1
2016-06-21,0,8,17.4
2016-06-22,0.3,6.6,19.8
2016-06-23,5.3,7.6,22.9
2016-06-24,2.1,3.7,21.4
2016-06-25,23.7,0,17.6
2016-06-26,0,9.2,16.5
2016-06-27,2.9,6.7,16.1
2016-06-28,2.8,8.8,16.3
2016-06-29,0.7,4.4,16.3
2016-06-30,1.4,1.3,16.8
2016-07-01,12.3,0.8,17.8
2016-07-02,2.6,3.4,15.3
2016-07-03,1.4,10.9,14.5
2016-07-04,2.9,5,15
2016-07-05,12.7,3.5,15.5
2016-07-06,0,8.2,14.3
2016-07-07,0,7.4,15.5
2016-07-08,3.8,5.6,16.9
2016-07-09,0.1,4.6,16.8
2016-07-10,4.3,3.4,20.4
2016-07-11,0,4.4,18.7
2016-07-12,6.8,8.6,17.5
2016-07-13,6.6,4.8,14.5
2016-07-14,1.1,5.4,14.1
2016-07-15,0.8,1.5,15.1
2016-07-16,0.3,1.7,15.7
2016-07-17,1.5,3,15.7
2016-07-18,0,2.2,16.8
2016-07-19,0,4.1,19.3
2016-07-20,0.3,15.3,21.5
2016-07-21,0,8.5,22.6
2016-07-22,2.6,9.2,22.2
2016-07-23,0,8.7,22.4
2016-07-24,0,12.6,21.7
2016-07-25,2.4,4.6,21.7
2016-07-26,0,11.7,19.2
2016-07-27,4.9,3.8,18.9
2016-07-28,0,10.9,19
2016-07-29,4,3.1,19.1
2016-07-30,13.8,5.1,17.6
2016-07-31,1.8,3.1,15.7
2016-08-01,0,6.4,15.9
2016-08-02,0.2,7.7,16.7
2016-08-03,4.5,0,17.6
2016-08-04,1.7,5.4,18
2016-08-05,0,6.5,17.8
2016-08-06,3.3,6.7,16.1
2016-08-07,0.2,3.7,17.8
2016-08-08,0.3,3.8,17.3
2016-08-09,0.8,4.8,12.9
2016-08-10,1.5,10.1,12
2016-08-11,1.5,2.9,11.9
2016-08-12,0.3,0.3,16.4
2016-08-13,0.4,1.4,16.8
2016-08-14,0.7,5.9,15.6
2016-08-15,0,6.2,15.2
2016-08-16,0,13.2,15
2016-08-17,0,13.2,15.6
2016-08-18,0,5.9,15.4
2016-08-19,0.5,8.3,16.8
2016-08-20,10.2,3.3,18
2016-08-21,1.5,7.9,17.1
2016-08-22,7.7,0.9,16.9
2016-08-23,0,4.8,19.2
2016-08-24,0,13.4,21.2
2016-08-25,0,13.6,24.4
2016-08-26,0,12.9,23
2016-08-27,14.7,12.3,18
2016-08-28,3.8,4.9,19.2
2016-08-29,0,7.1,16.7
2016-08-30,0,11.5,16.6
2016-08-31,0,12.3,18.4
2016-09-01,1.5,8.5,17
2016-09-02,0.9,5.1,16.7
2016-09-03,16.5,2.9,17.3
2016-09-04,7.3,0.6,16.5
2016-09-05,0.1,10.3,16.4
2016-09-06,0,11.1,17.2
2016-09-07,0,11.3,19
2016-09-08,0,12.3,21.2
2016-09-09,0,8.5,18.7
2016-09-10,0.1,10.8,19.9
2016-09-11,0,5.1,19
2016-09-12,0,11.8,21.3
2016-09-13,0,11.7,23.7
2016-09-14,0,11.1,21.6
2016-09-15,0,12,20.2
2016-09-16,2.6,6.4,19
2016-09-17,0,3.9,18
2016-09-18,0,2.6,16
2016-09-19,0,2.1,14.7
2016-09-20,0,5.9,15.1
2016-09-21,0,6.6,15.8
2016-09-22,0,5.9,15.3
2016-09-23,0.1,5,15.2
2016-09-24,0,10.3,15
2016-09-25,0.2,10.9,17.6
2016-09-26,0.1,3.9,15.6
2016-09-27,0,9.3,15.9
2016-09-28,0,4.1,17.4
2016-09-29,6.3,0,16.2
2016-09-30,5.6,3.7,12.8
2016-10-01,0.1,5.1,12.9
2016-10-02,0,5.5,13
2016-10-03,3.7,0.4,12.7
2016-10-04,0,6.1,12.6
2016-10-05,0,6.9,11
2016-10-06,0,0,11
2016-10-07,0,0,11.2
2016-10-08,4.7,4.2,10.7
2016-10-09,8.4,0.4,8.7
2016-10-10,12.4,0.9,9.7
2016-10-11,3.7,0,10.1
2016-10-12,6.2,0.1,9.4
2016-10-13,0,1.6,9.3
2016-10-14,0,0.9,8.4
2016-10-15,0.7,0,8.8
2016-10-16,0,0,10.3
2016-10-17,1,0,9.6
2016-10-18,2.5,0.9,11.7
2016-10-19,7.4,0.4,7.9
2016-10-20,5.6,0.4,9.3
2016-10-21,9.4,1.3,9.2
2016-10-22,8.3,0,7.7
2016-10-23,0,0,7.4
2016-10-24,0,2.6,7.5
2016-10-25,0,2.1,6.5
2016-10-26,1.2,1.1,5.8
2016-10-27,0,1.2,11.8
2016-10-28,1.6,1,11.4
2016-10-29,0,3.1,9.5
2016-10-30,0.1,5.8,9
2016-10-31,2.2,0,11
2016-11-01,0.5,0.5,9.7
2016-11-02,0,4.2,6
2016-11-03,3.5,4.1,3.8
2016-11-04,0.6,0.2,7.4
2016-11-05,3.7,0,5.4
2016-11-06,0.9,0.1,5.7
2016-11-07,0,0,3.3
2016-11-08,0,0,0.9
2016-11-09,0,6.2,-0.3
2016-11-10,1,0,2.9
2016-11-11,0.1,3.6,3.5
2016-11-12,0,4.5,0
2016-11-13,0,2.3,-0.1
2016-11-14,3.3,3.2,0.6
2016-11-15,0.2,0,6.2
2016-11-16,7.4,0,7.3
2016-11-17,3.9,1.8,7.2
2016-11-18,0.4,1.6,6.6
2016-11-19,0,1.5,4.9
2016-11-20,2.9,1,6.5
2016-11-21,0.4,0,10.2
2016-11-22,0,0,10.4
2016-11-23,0,0,8.3
2016-11-24,0,5,2.9
2016-11-25,0,0,1.6
2016-11-26,0.1,0,4.8
2016-11-27,0,5.5,4.4
2016-11-28,0,5,1.3
2016-11-29,0.5,4.4,0.7
2016-11-30,2.7,0,5.3
2016-12-01,0.1,0.1,8.3
2016-12-02,0,5.1,2.4
2016-12-03,0,2.7,-1.4
2016-12-04,0,0,2.9
2016-12-05,0,0.4,3.2
2016-12-06,1,0,5.2
2016-12-07,0.5,0,4.8
2016-12-08,1.1,0,8.3
2016-12-09,0.8,0,8.8
2016-12-10,10.7,0,9.5
2016-12-11,2.5,0.2,7.9
2016-12-12,0.4,0.4,4.8
2016-12-13,1.6,0,5.6
2016-12-14,0,0,4.4
2016-12-15,0,0,0.4
2016-12-16,0,0,-0.3
2016-12-17,1.4,0,1.9
2016-12-18,0,0,6.2
2016-12-19,0,0,5.1
2016-12-20,0,0,1.7
2016-12-21,0.4,1.6,2.9
2016-12-22,0.9,0,5.1
2016-12-23,2.7,0,6.4
2016-12-24,12.4,0,5.9
2016-12-25,3.5,0,8.4
2016-12-26,2.8,1.6,7.5
2016-12-27,0,1,7.8
2016-12-28,0,3.8,6.6
2016-12-29,0,4.4,3.5
2016-12-30,0,2.8,1.4
2016-12-31,0.1,0,4.2
2017-01-01,3.7,0,5.1
2017-01-02,1.7,4.5,1.7
2017-01-03,8.6,0,5.2
2017-01-04,0,2.3,3.5
2017-01-05,0,1.9,-2.2
2017-01-06,0,5,-5.4
2017-01-07,0.4,0,-1
2017-01-08,0,0,2.2
2017-01-09,0.1,0,1.8
2017-01-10,0,0,2.2
2017-01-11,11.2,0.1,4
2017-01-12,4.6,2.1,3.5
2017-01-13,1.3,3.4,2
2017-01-14,0,3.6,1.2
2017-01-15,0,1.4,-0.4
2017-01-16,0,5.5,-1.8
2017-01-17,0,1.9,-0.8
2017-01-18,0,0,-0.2
2017-01-19,0,0,0.9
2017-01-20,0,0,3
2017-01-21,0,0.2,4.6
2017-01-22,0,0,1.6
2017-01-23,0,0.4,0.6
2017-01-24,0,0,1.2
2017-01-25,0,0,-1.3
2017-01-26,0,0.8,-0.2
2017-01-27,0,7.1,0.6
2017-01-28,0.7,5.9,0.6
2017-01-29,1.7,0,3
2017-01-30,4.9,0,2.4
2017-01-31,0,0.1,2.7
2017-02-01,0,0,1.2
2017-02-02,0.5,0,1.5
2017-02-03,1.1,0,1.6
2017-02-04,0.1,0.2,4.8
2017-02-05,1.1,0,2.4
2017-02-06,0,0.2,2
2017-02-07,0.6,0,0.4
2017-02-08,0,0,-2
2017-02-09,0,0,-2.5
2017-02-10,0,0.2,-2.2
2017-02-11,0,0,-0.7
2017-02-12,0,0,-0.2
2017-02-13,0,7.1,-1.4
2017-02-14,0,5.2,-2.1
2017-02-15,0,7.7,2.6
2017-02-16,2.1,1.6,5
2017-02-17,0.3,0.3,5.4
2017-02-18,0.2,0,4
2017-02-19,1.2,0,5.4
2017-02-20,2.1,0,7.2
2017-02-21,14.9,3.4,6.3
2017-02-22,2.3,0.9,6.9
2017-02-23,17.3,0,5
2017-02-24,0.3,6,2.7
2017-02-25,6.9,0,2.6
2017-02-26,3.2,0,7.3
2017-02-27,0.3,0,9.8
2017-02-28,4,2.1,5.3
2017-03-01,1.3,1.3,4
2017-03-02,1.4,2.9,5.1
2017-03-03,0.2,6.9,6.3
2017-03-04,0.2,0.8,7.2
2017-03-05,2.4,0.2,6.1
2017-03-06,0,0,3.4
2017-03-07,0,0,1.2
2017-03-08,0.3,0.5,4
2017-03-09,3,0.4,5.9
2017-03-10,0,5.3,6.5
2017-03-11,0,6,4.8
2017-03-12,0,2.3,3.9
2017-03-13,0,1.2,4.4
2017-03-14,0.2,2.1,7.7
2017-03-15,0,9.6,7
2017-03-16,0,3.7,9.1
2017-03-17,12.3,1.8,6.7
2017-03-18,0.5,4.6,5.4
2017-03-19,14.9,0,4.2
2017-03-20,12,0.2,8.8
2017-03-21,0,6.2,6.9
2017-03-22,0,11.6,6.7
2017-03-23,0,5.2,5
2017-03-24,0,11.5,4.9
2017-03-25,0,7.8,6.2
2017-03-26,0,6.5,6.2
2017-03-27,0,9.7,7.6
2017-03-28,0.5,11.8,9.2
2017-03-29,0.4,0,9
2017-03-30,0,1.8,12.7
2017-03-31,0.3,8,16
2017-04-01,0.9,7.7,12.9
2017-04-02,0,6.8,10.5
2017-04-03,0,11.4,8.3
2017-04-04,0,10.8,8.3
2017-04-05,0,3.9,7.4
2017-04-06,0,7.3,7.3
2017-04-07,0,4.3,9.2
2017-04-08,0,0,8.9
2017-04-09,0,13,11.8
2017-04-10,0,1.1,9.4
2017-04-11,4.8,4.1,6.8
2017-04-12,7.8,0,7.8
2017-04-13,1,4.6,7.5
2017-04-14,12.2,0.6,7.6
2017-04-15,3.5,4.2,7.2
2017-04-16,1.4,2.8,5.4
2017-04-17,7.3,6.6,4.4
2017-04-18,0.6,9.3,4.3
2017-04-19,0,12,3.5
2017-04-20,0,5.1,5.7
2017-04-21,0.6,0.1,9.2
2017-04-22,0.3,8.2,6
2017-04-23,0,8,5.6
2017-04-24,1.4,0.6,6.5
2017-04-25,1.6,5.8,3.8
2017-04-26,0.2,7.7,4.7
2017-04-27,0.6,7.5,6
2017-04-28,0.7,0.9,7.1
2017-04-29,1.9,7.7,5.3
2017-04-30,0,13.7,8.3
2017-05-01,0,11.5,9.1
2017-05-02,2.6,9.65,8.9
2017-05-03,0,8.65,9.3
2017-05-04,1.2,1.867,9.1
2017-05-05,0.8,0,7.9
2017-05-06,0,1.517,9
2017-05-07,0,12.517,11.5
2017-05-08,0,10.15,8.2
2017-05-09,0.4,8.4,6.6
2017-05-10,0.5,1.417,7.8
2017-05-11,0,13.75,9.9
2017-05-12,1.6,3.6,10.6
2017-05-13,2.8,2.2,13.7
2017-05-14,3.9,10.317,15.2
2017-05-15,2,8.667,14.8
2017-05-16,8.2,0.017,13.9
2017-05-17,0,6.917,19.9
2017-05-18,0.9,10.017,19.3
2017-05-19,10,3.3,15.1
2017-05-20,0,8.117,13.2
2017-05-21,0,14.567,13.9
2017-05-22,0,14.6,14.3
2017-05-23,0.5,9.65,16.9
2017-05-24,0,11.283,14
2017-05-25,0,13.65,15.2
2017-05-26,0,12.483,17
2017-05-27,0,16.117,20
2017-05-28,0.1,12.233,19.6
2017-05-29,6.3,4.633,16.4
2017-05-30,0,3.4,17.3
2017-05-31,0,10.3,13.9
2017-06-01,0,15.5,13.2
2017-06-02,0,15.483,15.2
2017-06-03,1.8,0.833,16.6
2017-06-04,1.8,6.8,15.5
2017-06-05,0,15.183,16.5
2017-06-06,2.6,10.483,17.1
2017-06-07,11.7,1.867,12.3
2017-06-08,4.9,1.533,13.7
2017-06-09,2.2,4.617,16.6
2017-06-10,0,5.75,16.3
2017-06-11,2.1,10.533,21.2
2017-06-12,0.3,2.867,15.6
2017-06-13,0,5.717,14.6
2017-06-14,0,8.667,16
2017-06-15,0,9.517,18.6
2017-06-16,0.2,8.533,15.7
2017-06-17,0,13.633,16.7
2017-06-18,0,11.333,20
2017-06-19,0,12.417,21.6
2017-06-20,0,12.617,17.4
2017-06-21,0,10.85,15.1
2017-06-22,12.7,4.8,17.8
2017-06-23,1.6,0.367,16.6
2017-06-24,2.3,3.15,16.3
2017-06-25,0,1.75,15.5
2017-06-26,0,10.167,14.5
2017-06-27,1.4,11.233,14.2
2017-06-28,2.6,4.767,17
2017-06-29,31.8,1.283,17
2017-06-30,37.7,0,14.9
2017-07-01,1.1,4.067,16.3
2017-07-02,0.5,3.483,15.1
2017-07-03,0.6,6.417,15.7
2017-07-04,0.5,5.6,14.6
2017-07-05,0,12.083,15.5
2017-07-06,0,15.383,15.2
2017-07-07,0.2,5.683,18.4
2017-07-08,0,8.517,17.6
2017-07-09,0,16.067,15.6
2017-07-10,3.7,1.95,16.2
2017-07-11,5.2,2.95,16.9
2017-07-12,4.8,2.4,14.3
2017-07-13,0,6.917,14.2
2017-07-14,0,8.817,15.4
2017-07-15,0.1,4.833,16.4
2017-07-16,1.2,1.367,16
2017-07-17,0,5.167,15.3
2017-07-18,0,9.333,16.1
2017-07-19,12.3,13.017,18.6
2017-07-20,5.4,0.883,20
2017-07-21,0,12.95,18.8
2017-07-22,4.3,0.117,17.4
2017-07-23,2.8,4.25,18
2017-07-24,1.3,3.583,16.6
2017-07-25,18.1,0,16.1
2017-07-26,0,9.75,18.5
2017-07-27,0,0.467,17.1
2017-07-28,6.2,7.8,16
2017-07-29,31.1,4.583,17.7
2017-07-30,1,5.667,19.5
2017-07-31,0,9.167,18.9
2017-08-01,0,2.167,18.2
2017-08-02,4.5,4.5,18.1
2017-08-03,10,2.467,18.2
2017-08-04,0,4.683,17.7
2017-08-05,7.5,9.717,17.3
2017-08-06,0,11.067,15.7
2017-08-07,0,13.183,17.7
2017-08-08,3.5,4.167,18.6
2017-08-09,0,8.617,18.3
2017-08-10,0,6.717,16.7
2017-08-11,0,0,15.4
2017-08-12,6.4,0.433,15.2
2017-08-13,0,8.217,15.2
2017-08-14,0.1,12.85,15
2017-08-15,6.8,7.7,20.9
2017-08-16,0,8.85,17.9
2017-08-17,5,3.183,17.9
2017-08-18,3,0.117,18.2
2017-08-19,6.2,7.417,14.9
2017-08-20,3.4,5.983,14.3
2017-08-21,0.1,2.183,15
2017-08-22,0,7.65,14.6
2017-08-23,0,11.45,15.4
2017-08-24,2,5.5,16.7
2017-08-25,0,8.75,16.3
2017-08-26,0,5.567,16
2017-08-27,0,8.95,16.5
2017-08-28,0,9.583,16.8
2017-08-29,0,12.25,20.6
2017-08-30,2.3,0.683,18.6
2017-08-31,0.3,0.967,15
2017-09-01,0.1,5.733,14.1
2017-09-02,0,8.083,13.3
2017-09-03,0,9.35,13.1
2017-09-04,0,12.333,13.6
2017-09-05,5.7,7.383,16.3
2017-09-06,11,0.95,16.7
2017-09-07,1.5,5.533,14.9
2017-09-08,7.7,0.033,14.3
2017-09-09,6.3,1.883,14
2017-09-10,0.5,8.767,14.5
2017-09-11,0.1,6.583,15.5
2017-09-12,4.9,4.933,14.2
2017-09-13,11.4,0.883,12.4
2017-09-14,3.2,1.5,12.1
2017-09-15,0.8,5.433,12.6
2017-09-16,0.2,0.067,11
2017-09-17,6.5,2.683,12.1
2017-09-18,0,8.383,11.4
2017-09-19,3.4,3.517,11.6
2017-09-20,3.9,1.15,12.8
2017-09-21,0,3.767,14.6
2017-09-22,0,8.333,13
2017-09-23,0.4,10.433,12.9
2017-09-24,0.6,0.833,14.9
2017-09-25,0.2,1.367,15.2
2017-09-26,0,0.233,14.6
2017-09-27,0.1,2.083,15.1
2017-09-28,4.7,1.183,14.2
2017-09-29,0,6.8,16.5
2017-09-30,3.2,0,14.7
2017-10-01,3.4,6.45,14.1
2017-10-02,11.9,1.45,13.3
2017-10-03,1.6,6.75,12.5
2017-10-04,22.6,0,11.2
2017-10-05,36.5,1.617,9.9
2017-10-06,0,7.317,11.8
2017-10-07,6.5,0,11
2017-10-08,0,8.717,9.4
2017-10-09,3.8,2.817,9
2017-10-10,3.8,0.617,12.6
2017-10-11,4.1,0.317,14
2017-10-12,1.3,2.033,12.9
2017-10-13,0,2.183,13.2
2017-10-14,0.5,0,15.9
2017-10-15,0,4.567,16.2
2017-10-16,0,3.25,15.8
2017-10-17,0,0.717,14.3
2017-10-18,0,4.233,12.6
2017-10-19,0,2.117,13.5
2017-10-20,4.3,0,13
2017-10-21,0.3,0,12.4
2017-10-22,3.1,1.733,10.6
2017-10-23,3.3,0.233,10.8
2017-10-24,3.4,0,12.1
2017-10-25,2,0.583,13.9
2017-10-26,0,2.483,12.2
2017-10-27,0,4.383,10.8
2017-10-28,7.3,0,11
2017-10-29,0,6.467,8.8
2017-10-30,0,7.4,6.3
2017-10-31,5,0.033,7.8
2017-11-01,4.5,0,11.9
2017-11-02,0,3.4,10.5
2017-11-03,0.5,0.417,8.8
2017-11-04,0.4,1.333,9.7
2017-11-05,1.5,0,9.4
2017-11-06,0,4.467,5.3
2017-11-07,0,5.767,4.3
2017-11-08,0,2.183,7.5
2017-11-09,1.5,0.467,7.8
2017-11-10,12.8,0.233,6.9
2017-11-11,4,1.183,4.2
2017-11-12,0.6,0,4.5
2017-11-13,0.1,5.083,3.5
2017-11-14,0.6,0,5.2
2017-11-15,0.5,1.033,7.4
2017-11-16,2.4,0,7.8
2017-11-17,0.3,4.75,6.1
2017-11-18,13.9,1.333,5.3
2017-11-19,1.1,3.1,4.8
2017-11-20,0,1.5,4.6
2017-11-21,8.1,0,4.8
2017-11-22,2.9,0,9.7
2017-11-23,3.1,0.65,10.1
2017-11-24,0.4,0,6.2
2017-11-25,0.4,0.017,2.7
2017-11-26,5.7,0.05,3.8
2017-11-27,12,0,4.5
2017-11-28,9.3,0.45,4.9
2017-11-29,6.7,0,3.5
2017-11-30,0,0.017,1.8
2017-12-01,0.8,0.733,3.2
2017-12-02,2.5,0,0
2017-12-03,1.6,0.067,3.8
2017-12-04,0.6,4.3,4.8
2017-12-05,0.1,0.7,8.1
2017-12-06,0,0,8.3
2017-12-07,8.1,0,6.5
2017-12-08,10.7,0,2.5
2017-12-09,6,1.867,2.1
2017-12-10,0.3,0,0.5
2017-12-11,10.4,0,1.4
2017-12-12,0.7,0,1.3
2017-12-13,10.4,0,1.6
2017-12-14,2,0.567,2.8
2017-12-15,0,0,2.9
2017-12-16,0,3.95,2.1
2017-12-17,0,3.817,0.6
2017-12-18,0.1,3.45,2
2017-12-19,2.2,0.333,5.1
2017-12-20,0.1,0,6.2
2017-12-21,0,0,6.4
2017-12-22,0,0.217,5.7
2017-12-23,1.1,0,7.1
2017-12-24,4,0,8.3
2017-12-25,0.2,0,8.2
2017-12-26,0.2,0.2,5.8
2017-12-27,0.2,0,4.3
2017-12-28,1.4,2.083,3.7
2017-12-29,2.1,2.233,2.5
2017-12-30,2.4,0,3.7
2017-12-31,14.5,0,7.3
2018-01-01,0.9,0.383,6.7
2018-01-02,11.6,0.667,5
2018-01-03,9.2,0.233,5.3
2018-01-04,7.6,1.417,5.3
2018-01-05,5.4,0.383,4.9
2018-01-06,0.2,0,3.5
2018-01-07,0,5.117,-0.7
2018-01-08,0,5.133,-0.9
2018-01-09,0,1.467,2.3
2018-01-10,0,0.6,3
2018-01-11,4.9,0,3.2
2018-01-12,0.2,0,2.4
2018-01-13,0,0,0.9
2018-01-14,0,4.717,-0.3
2018-01-15,5.4,0.1,0.9
2018-01-16,6,0.417,2.9
2018-01-17,2.6,1.317,1.5
2018-01-18,6.1,0,1.5
2018-01-19,1.6,1.967,1.5
2018-01-20,1.2,0,1.6
2018-01-21,0,1.15,-0.3
2018-01-22,0.2,0,0.4
2018-01-23,2.8,0.017,3.9
2018-01-24,3.7,0,10.3
2018-01-25,0,0,7.3
2018-01-26,0,0.9,5.4
2018-01-27,4.7,0,5
2018-01-28,2.3,2.483,7.3
2018-01-29,11,0,7.6
2018-01-30,0,3.017,5.1
2018-01-31,7.2,0,4.3
2018-02-01,3.4,0.083,2.7
2018-02-02,1.2,0,2.7
2018-02-03,2.7,0,-0.8
2018-02-04,0.6,0,0.6
2018-02-05,0,0.4,-0.3
2018-02-06,0,5.583,-2.6
2018-02-07,0,6.917,-5.2
2018-02-08,0,6.683,-2.8
2018-02-09,0,6.617,-2
2018-02-10,0,6,-1
2018-02-11,4.9,0.183,2
2018-02-12,6.2,1.333,1.5
2018-02-13,0,7.35,0.9
2018-02-14,0,7.65,0.5
2018-02-15,1.1,0,0.8
2018-02-16,0.1,3.967,3.4
2018-02-17,0,0,3.1
2018-02-18,0,3.817,2.8
2018-02-19,0,4.083,3.1
2018-02-20,0,6.85,1.8
2018-02-21,1.1,1.45,-0.7
2018-02-22,0.3,0.5,0.3
2018-02-23,0,8.383,-0.6
2018-02-24,0.9,2.667,-0.3
2018-02-25,0,0.3,-2.8
2018-02-26,0,5.25,-2.5
2018-02-27,0.2,1.433,-3.7
2018-02-28,0,6.017,-6.6
2018-03-01,0.3,4.2,-4.8
2018-03-02,0.5,2.017,-5.8
2018-03-03,0,9.217,-5
2018-03-04,2.2,4.117,-2.8
2018-03-05,0,2.917,3.5
2018-03-06,0,8.35,3.1
2018-03-07,6.6,0,0.5
2018-03-08,5.5,1.867,3
2018-03-09,0.3,1.2,2.6
2018-03-10,6.7,0,2.4
2018-03-11,0.6,2.617,9.1
2018-03-12,7.1,0,6.3
2018-03-13,0.3,0,5
2018-03-14,0,0,2.5
2018-03-15,0,0.633,1.9
2018-03-16,0.4,0.35,-0.3
2018-03-17,0,3.533,-2.4
2018-03-18,0,9.85,-1.7
2018-03-19,0,11.267,-0.1
2018-03-20,0,11.483,1.7
2018-03-21,2.3,0.133,1.6
2018-03-22,0.2,0,4.2
2018-03-23,0.1,0.367,3.7
2018-03-24,0,0,5.9
2018-03-25,0,0,6.5
2018-03-26,0,0.533,3.5
2018-03-27,0,1.467,3.5
2018-03-28,8.7,0,2.5
2018-03-29,0.8,0,0.6
2018-03-30,0,12.25,1.4
2018-03-31,3.1,0,1.4
2018-04-01,1.2,2.85,1.3
2018-04-02,5.6,8.333,3.3
2018-04-03,2.1,1.1,9.1
2018-04-04,5,4.667,11.4
2018-04-05,0.2,0.867,7
2018-04-06,0,10.417,6.9
2018-04-07,0,9.483,11.2
2018-04-08,0,11.8,15.8
2018-04-09,0,6.833,13.2
2018-04-10,0,1.05,5.5
2018-04-11,0,0,4.4
2018-04-12,0.2,6.033,6.1
2018-04-13,11.1,0.267,7.1
2018-04-14,2.6,0,7.2
2018-04-15,2.6,0,8.5
2018-04-16,13.3,5.233,10.2
2018-04-17,0,11.533,11.8
2018-04-18,0,13.2,15.4
2018-04-19,0,13.367,17.5
2018-04-20,0,13.367,18
2018-04-21,0,12.417,11.6
2018-04-22,5.6,9.75,10.7
2018-04-23,0,8.633,12.4
2018-04-24,10.3,4.367,10.2
2018-04-25,9.5,1.517,9.2
2018-04-26,0,5.583,8.6
2018-04-27,0.8,7.083,9.7
2018-04-28,1.3,4.883,11.3
2018-04-29,0,1.233,9.1
2018-04-30,1.8,2.967,11
2018-05-01,9.4,0,7.6
2018-05-02,0,13.5,10.5
2018-05-03,0,10.8,9.6
2018-05-04,0,14.183,8.3
2018-05-05,0,14.05,10.6
2018-05-06,0,15.083,14.2
2018-05-07,0,15.083,16.4
2018-05-08,0,14.983,17.6
2018-05-09,0,14.733,18.1
2018-05-10,11.9,7.117,16.1
2018-05-11,0,11.083,13
2018-05-12,0,7.083,14.4
2018-05-13,0,11.267,14.6
2018-05-14,0,15.117,15.7
2018-05-15,0,13.183,15.5
2018-05-16,0,9.4,17
2018-05-17,0,12,12.4
2018-05-18,0,7.417,12
2018-05-19,0,6.083,12.8
2018-05-20,0,15.55,15.2
2018-05-21,0,14.933,14.5
2018-05-22,0,15.133,16.2
2018-05-23,0,15.733,16.5
2018-05-24,0,15.933,16.5
2018-05-25,0,14.283,16.4
2018-05-26,0,15.45,16.6
2018-05-27,3,0.25,15.3
2018-05-28,0.1,10.883,17.6
2018-05-29,0,14.8,19.9
2018-05-30,0,14.467,19.5
2018-05-31,0,14.25,18.4
2018-06-01,0,15,18.5
2018-06-02,0,12.183,19.4
2018-06-03,0,2.85,17.8
2018-06-04,0,6.617,16.8
2018-06-05,0,13.033,16.7
2018-06-06,0,16.133,18.3
2018-06-07,0,16.4,19.8
2018-06-08,0,14.267,19.5
2018-06-09,0,6.517,20
2018-06-10,0.7,0.55,18.4
2018-06-11,0,6.217,15.9
2018-06-12,0,0.1,14
2018-06-13,0,3.083,14.2
2018-06-14,3.2,7.25,16.3
2018-06-15,0.1,11.65,16.5
2018-06-16,11.8,4.7,18.4
2018-06-17,0.4,5.867,16.5
2018-06-18,2.1,3.767,16.1
2018-06-19,0.3,9.083,16.5
2018-06-20,2,7.883,18.8
2018-06-21,9,3.4,12.2
2018-06-22,0,6.65,12.7
2018-06-23,2.3,2.85,13.1
2018-06-24,0,1.917,14.1
2018-06-25,0,3.133,14.6
2018-06-26,0,7.883,16.7
2018-06-27,0,14.633,18
2018-06-28,0,16.25,19.2
2018-06-29,0,16.383,18.1
2018-06-30,0,15.5,17.8
2018-07-01,0,16.55,17.6
2018-07-02,0,16.55,18.3
2018-07-03,0,15.283,17.8
2018-07-04,0,8.367,16.3
2018-07-05,0,0,16.4
2018-07-06,0,12.7,17.1
2018-07-07,0,15.833,16.5
2018-07-08,0,15.433,17.6
2018-07-09,0,3.333,14.8
2018-07-10,4.9,7.633,15.8
2018-07-11,0,0.267,18.3
2018-07-12,0,14.833,21
2018-07-13,0,14.817,18.6
2018-07-14,0,2.367,15.8
2018-07-15,0,14.383,17.8
2018-07-16,0,15.717,19.9
2018-07-17,0,15.317,21.9
2018-07-18,0,11.25,19.3
2018-07-19,0,13.767,18.2
2018-07-20,0,15.117,18.1
2018-07-21,0.2,11.867,20.9
2018-07-22,0,12.633,21.5
2018-07-23,0,10.633,20.9
2018-07-24,0,15.3,23.3
2018-07-25,0,10.533,24.3
2018-07-26,0,14.6,25
2018-07-27,0,15.2,24.6
2018-07-28,2.5,9.117,23.6
2018-07-29,0,12.55,21.6
2018-07-30,0,5.35,24.8
2018-07-31,0.2,6.45,26.9
2018-08-01,0,9.75,20.8
2018-08-02,0,13.783,21.8
2018-08-03,0,14.1,22.8
2018-08-04,0,7.867,21.6
2018-08-05,0,4.4,18.5
2018-08-06,0,13,20
2018-08-07,0,14.067,26
2018-08-08,0,6.55,24.6
2018-08-09,4.9,7.6,21
2018-08-10,2.3,4.817,17.2
2018-08-11,12.8,6.017,15
2018-08-12,0.6,2.617,16.5
2018-08-13,5.4,0,19.1
2018-08-14,0.6,5.083,19.1
2018-08-15,0,3.867,19.3
2018-08-16,0,9.133,20.9
2018-08-17,1.3,5.783,17.5
2018-08-18,0,9.033,18
2018-08-19,0.8,1.817,19.3
2018-08-20,0.1,3.417,18
2018-08-21,0,10.7,16.5
2018-08-22,0,13.05,21.5
2018-08-23,1.1,5.433,19.5
2018-08-24,1.9,4.817,15.7
2018-08-25,3.5,2.283,11.9
2018-08-26,1.3,10.167,14
2018-08-27,3.3,1.767,15
2018-08-28,0.7,4.867,16
2018-08-29,5.2,8.25,18.6
2018-08-30,19.8,0,15.5
2018-08-31,0,8.783,15.1
2018-09-01,0,10.783,15
2018-09-02,0.7,10.917,16.3
2018-09-03,0,7.333,19.1
2018-09-04,0,9.967,17.9
2018-09-05,0,9.517,17
2018-09-06,7.5,9.2,18.6
2018-09-07,2,2.133,15.9
2018-09-08,0.2,4,14
2018-09-09,0.1,4.25,16
2018-09-10,1.3,2.967,17
2018-09-11,6.8,0,15.6
2018-09-12,1,0.133,13.5
2018-09-13,0,9,13
2018-09-14,1.8,5.117,14.1
2018-09-15,1.2,4,14
2018-09-16,0,6.15,15
2018-09-17,0,9.5,16
2018-09-18,0,11.3,19
2018-09-19,0,8,19
2018-09-20,0,3.5,19
2018-09-21,11.1,1.4,15
2018-09-22,1.9,7.233,11
2018-09-23,0.4,1.783,10
2018-09-24,0.8,9.417,9.1
2018-09-25,0,8.433,9.3
2018-09-26,0.9,1.783,12.6
2018-09-27,0.6,1.833,16.5
2018-09-28,0,8.333,10.6
2018-09-29,0,3.8,9.9
2018-09-30,1,2.817,11.2
2018-10-01,0.2,5.05,9
2018-10-02,4.6,1.017,8.7
2018-10-03,0.5,7.233,10.5
2018-10-04,1.4,0,12.5
2018-10-05,0,7.883,15.1
2018-10-06,1,8.367,12
2018-10-07,0,8.383,8.6
2018-10-08,0,3.15,10.1
2018-10-09,0,5.067,11.9
2018-10-10,0,7.85,13.1
2018-10-11,0,9.1,15.7
2018-10-12,0,8.383,17
2018-10-13,0,9.5,20
2018-10-14,0,9.5,17
2018-10-15,0,8.283,17
2018-10-16,0,2.15,15.6
2018-10-17,0,6.467,16.4
2018-10-18,0.5,4.4,11
2018-10-19,0,5.3,8
2018-10-20,0,5.5,10
2018-10-21,1.2,0.1,13
2018-10-22,3.3,6.5,11
2018-10-23,4.8,0,11
2018-10-24,0.2,4.2,10
2018-10-25,0.1,1.4,10.6
2018-10-26,10.7,0,8.9
2018-10-27,2.9,0.683,5.4
2018-10-28,7.4,6.233,5.1
2018-10-29,0.5,0,6.7
2018-10-30,0.3,0.067,8.8
2018-10-31,0,2.6,8.7
2018-11-01,0,2.833,10
2018-11-02,0.3,1.9,8.8
2018-11-03,0,6.75,5.8
2018-11-04,0,0.133,7.1
2018-11-05,0,0,9.9
2018-11-06,0,0.2,8.2
2018-11-07,0,4.917,9.5
2018-11-08,0,1.95,9.7
2018-11-09,0.5,0.467,7.2
2018-11-10,2.3,0.067,10.3
2018-11-11,3.3,0.8,11.6
2018-11-12,3.4,0,9.9
2018-11-13,2,0.233,9.5
2018-11-14,0,0,8.7
2018-11-15,0,5.2,8.8
2018-11-16,0,5.85,6.7
2018-11-17,0,5.867,3.9
2018-11-18,0,0,4.5
2018-11-19,1.9,0.65,5.9
2018-11-20,0,0.017,4.6
2018-11-21,0,0.7,2.8
2018-11-22,0,0,1.3
2018-11-23,0,0,1.7
2018-11-24,0,0,2.9
2018-11-25,2,0.033,5
2018-11-26,0,1.533,4.5
2018-11-27,0,0,2
2018-11-28,1.3,2.7,1.4
2018-11-29,3.3,0,3.1
2018-11-30,0,2.633,6.6
2018-12-01,0.3,0.017,6.6
2018-12-02,4.8,0,8
2018-12-03,3.8,0,10.2
2018-12-04,0.2,4.517,4.9
2018-12-05,0,3.85,3
2018-12-06,3.4,0,6.6
2018-12-07,10.1,0,10
2018-12-08,7.4,0,6.9
2018-12-09,2.7,0.783,6.5
2018-12-10,1.4,1.8,4.6
2018-12-11,0,0.633,4.2
2018-12-12,0.5,0.217,4.3
2018-12-13,4.2,0,2.6
2018-12-14,0.3,0,1.9
2018-12-15,0,0.183,0.2
2018-12-16,0,0.283,-0.2
2018-12-17,1.2,0,0.6
2018-12-18,0.2,0,4.6
2018-12-19,0.1,0,3.3
2018-12-20,2.2,0,4.7
2018-12-21,10.4,0,6.2
2018-12-22,2,0,4.5
2018-12-23,0.8,0,5.7
2018-12-24,0.1,0.117,2.2
2018-12-25,0,0,5.7
2018-12-26,0,0,7.7
2018-12-27,0,0,7
2018-12-28,1.6,0.067,7.2
2018-12-29,6.1,0,7.6
2018-12-30,0,3.783,5.9
2018-12-31,0.3,0,6.6
2019-01-01,0.1,0.817,6.3
2019-01-02,0,4.6,2.7
2019-01-03,0.3,2.867,-1.4
2019-01-04,0.2,0,4.9
2019-01-05,0.1,2.183,6.2
2019-01-06,1,0,2.8
2019-01-07,10.6,0,6.4
2019-01-08,1.1,0.667,5.3
2019-01-09,0,0,3
2019-01-10,0.5,0.033,1.4
2019-01-11,0.2,1.233,5.3
2019-01-12,3.8,0,5.7
2019-01-13,3,0,6.6
2019-01-14,0.3,4.133,2.1
2019-01-15,1.9,0,5.9
2019-01-16,4.1,0,6.6
2019-01-17,1.6,0.117,3.1
2019-01-18,0,5.6,-0.4
2019-01-19,0,4.8,0
2019-01-20,0,5.617,-1.2
2019-01-21,0.2,1.517,-1.6
2019-01-22,0,2.4,-0.5
2019-01-23,0,3.3,-3.6
2019-01-24,0,0,-5
2019-01-25,0.2,0,-3.7
2019-01-26,4.7,0.333,2.2
2019-01-27,6.5,0,4.7
2019-01-28,0.2,0,1.4
2019-01-29,0.3,1.217,-0.2
2019-01-30,0.1,3.133,0.5
2019-01-31,0,0.133,0.5
2019-02-01,0,0.083,-0.4
2019-02-02,0.1,0,1
2019-02-03,0,4.45,1.1
2019-02-04,1,0.333,1.5
2019-02-05,0.8,0.033,3.5
2019-02-06,7.9,0,3.3
2019-02-07,3.9,0.683,5.5
2019-02-08,4.9,0,6.6
2019-02-09,2.8,0.433,7
2019-02-10,13.9,0,5.1
2019-02-11,0.2,5.833,4.5
2019-02-12,0,4.25,4.3
2019-02-13,0,0,6.9
2019-02-14,0,4.783,5.9
2019-02-15,0,7.683,6.8
2019-02-16,0,7.6,8.4
2019-02-17,0,4.517,9.4
2019-02-18,0.8,8.7,8
2019-02-19,1.9,0.083,6.3
2019-02-20,0.4,0,6.9
2019-02-21,0.8,0,7.3
2019-02-22,0,4.417,3.5
2019-02-23,0,4.5,2.9
2019-02-24,0,9,5
2019-02-25,0,7.75,4.4
2019-02-26,0,8.083,6
2019-02-27,0,10.1,8.4
2019-02-28,0,4.2,5.7
2019-03-01,0,1.1,4.3
2019-03-02,0.8,0,4.5
2019-03-03,8.7,1.5,8.7
2019-03-04,7.9,0.6,8.2
2019-03-05,0.7,4.2,6.1
2019-03-06,4.3,0,6.1
2019-03-07,7.2,1.633,8.7
2019-03-08,4.3,4.133,5.9
2019-03-09,5.6,0.833,4.8
2019-03-10,0.3,4.083,5
2019-03-11,1.9,4.067,2.7
2019-03-12,6,0.45,3.9
2019-03-13,8.7,0.05,5.2
2019-03-14,5.4,0,5.6
2019-03-15,3.9,0.283,6.3
2019-03-16,14.7,0.367,6.3
2019-03-17,6.5,3.283,7.1
2019-03-18,2.1,3.6,5
2019-03-19,0,8.167,4.6
2019-03-20,0,0,6.5
2019-03-21,0,0,9
2019-03-22,0,1.283,8.7
2019-03-23,0,2.65,7.4
2019-03-24,3.7,5.517,5.2
2019-03-25,0,6.467,4.9
2019-03-26,0,2,6.1
2019-03-27,0.8,0,7.4
2019-03-28,0,0,9.3
2019-03-29,0,4.15,9.4
2019-03-30,0,10.183,9.7
2019-03-31,0,10.033,5.5
2019-04-01,0,12.45,4.2
2019-04-02,0.4,9.617,8.8
2019-04-03,6,0,8.7
2019-04-04,0,4.5,8.2
2019-04-05,0,7.3,8.6
2019-04-06,0,10.983,9.1
2019-04-07,0,11.75,9.2
2019-04-08,0.1,8.633,7.5
2019-04-09,0,9.433,4.4
2019-04-10,0.2,11.917,3.5
2019-04-11,0.8,1.833,4.2
2019-04-12,1.7,6.083,3.8
2019-04-13,4.1,0.683,2.9
2019-04-14,0.2,2,4.9
2019-04-15,0,11.15,5.6
2019-04-16,0,11.367,6.4
2019-04-17,0,13.3,8.2
2019-04-18,0,13.383,9.3
2019-04-19,0,13.433,9.6
2019-04-20,0,13.983,8.9
2019-04-21,0,14.017,11.3
2019-04-22,0,13.983,12.2
2019-04-23,0,13.35,12.6
2019-04-24,0.2,8.183,14.4
2019-04-25,0,11.133,16.4
2019-04-26,5.7,3.283,13.1
2019-04-27,1.7,5.883,12.3
2019-04-28,0.4,0.1,9.1
2019-04-29,0,8.5,10.3
2019-04-30,0,6.5,11.7
2019-05-01,0,0,8.6
2019-05-02,0.8,0.8,8
2019-05-03,1,8,5.8
2019-05-04,0,9.3,4.4
2019-05-05,0.4,NA,6.3
2019-05-06,0.4,NA,6.7
2019-05-07,1.1,NA,6.9
2019-05-08,7.3,NA,9.9
2019-05-09,0.1,NA,12.4
2019-05-10,2.8,NA,9.1
2019-05-11,0,NA,7.8
2019-05-12,0,NA,8.7
2019-05-13,0,NA,8.8
2019-05-14,0,NA,8.5
2019-05-15,0,NA,9.6
2019-05-16,0.8,NA,11.5
2019-05-17,0,NA,10.6
2019-05-18,0,NA,13.3
2019-05-19,0,NA,12.7
2019-05-20,0,NA,15.4
2019-05-21,29.6,NA,15.1
2019-05-22,0.8,NA,11.1
2019-05-23,0,NA,13.9
2019-05-24,0,NA,13.9
2019-05-25,0,NA,11.6
2019-05-26,14.9,NA,12.5
2019-05-27,0,NA,13.6
2019-05-28,0,NA,10.9
2019-05-29,0,NA,10.2
2019-05-30,1.3,NA,13.3
2019-05-31,0,NA,16.7
2019-06-01,0,NA,16.3
2019-06-02,0,NA,19.1
2019-06-03,0.6,NA,19.6
2019-06-04,1.5,NA,15.6
2019-06-05,0,NA,21
2019-06-06,0.1,NA,18.1
2019-06-07,4.9,NA,15
2019-06-08,0,NA,15.6
2019-06-09,0.2,NA,15.8
2019-06-10,12.4,NA,15.3
2019-06-11,10.5,NA,16.4
2019-06-12,1.4,NA,16.1
2019-06-13,0,NA,18
2019-06-14,9.7,NA,18.8
2019-06-15,14.5,NA,17.4
2019-06-16,0,NA,16.9
2019-06-17,0,NA,18.7
2019-06-18,13.3,NA,20.3
2019-06-19,4.4,NA,20.2
2019-06-20,0.2,NA,17.6
2019-06-21,0,NA,15.7
2019-06-22,0,NA,14.4
2019-06-23,0,NA,17.6
2019-06-24,0,NA,19.3
2019-06-25,0,NA,24.1
2019-06-26,0,NA,22
2019-06-27,0,NA,14.8
2019-06-28,0,NA,15.9
2019-06-29,0,NA,19.2
2019-06-30,0,NA,21.9
2019-07-01,5.6,NA,17.1
2019-07-02,0,NA,13.5
2019-07-03,0,NA,13.4
2019-07-04,1.9,NA,14
2019-07-05,1.3,NA,14.5
2019-07-06,4.7,NA,14.5
2019-07-07,0,NA,13.1
2019-07-08,0,NA,13.5
2019-07-09,0,NA,14.1
2019-07-10,0,NA,15.2
2019-07-11,1.2,NA,16.1
2019-07-12,5.5,NA,17.1
2019-07-13,0,NA,17.5
2019-07-14,0,NA,14.4
2019-07-15,0,NA,14.3
2019-07-16,0,NA,16
2019-07-17,0,NA,15.6
2019-07-18,0,NA,17.9
2019-07-19,0,NA,18.5
2019-07-20,15.4,NA,19.2
2019-07-21,0,NA,17.3
2019-07-22,2.1,NA,16
2019-07-23,0,NA,21.4
2019-07-24,0,NA,23.2
2019-07-25,0,NA,24.8
2019-07-26,0,NA,22.6
2019-07-27,0,NA,20.9
2019-07-28,0.3,NA,21.2
2019-07-29,2.1,NA,21.5
2019-07-30,4.2,NA,18.8
2019-07-31,9.9,NA,17.7
2019-08-01,0.1,NA,18
2019-08-02,0,NA,18.4
2019-08-03,0,NA,18.4
2019-08-04,0,NA,17
2019-08-05,0.2,NA,17.8
2019-08-06,0,NA,19.2
2019-08-07,4.2,NA,17.9
2019-08-08,0.9,NA,17.5
2019-08-09,1.7,NA,18.2
2019-08-10,3.7,NA,20.1
2019-08-11,0,NA,18.9
2019-08-12,9.8,NA,18.2
2019-08-13,4.9,NA,14
2019-08-14,0.4,NA,15.1
2019-08-15,9.8,NA,15.6
2019-08-16,3.8,NA,17.2
2019-08-17,1.4,NA,17.4
2019-08-18,2.4,NA,16.1
2019-08-19,3.9,NA,16
2019-08-20,0,NA,16.2
2019-08-21,0,NA,15.4
2019-08-22,0,NA,18.2
2019-08-23,0,NA,18.5
2019-08-24,0,NA,19.9
2019-08-25,0,NA,21.5
2019-08-26,0,NA,23.1
2019-08-27,0,NA,22.2
2019-08-28,0.1,NA,24.7
2019-08-29,0.2,NA,19.8
2019-08-30,0,NA,18.1
2019-08-31,0.1,NA,22
2019-09-01,1.7,NA,17.5
2019-09-02,2.8,NA,14.2
2019-09-03,6.5,NA,15.4
2019-09-04,3.3,NA,16.3
2019-09-05,6.7,NA,13
2019-09-06,0,NA,13.3
2019-09-07,0,NA,13.3
2019-09-08,0,NA,12.7
2019-09-09,18,NA,13
2019-09-10,0.7,NA,14
2019-09-11,2.9,NA,14.3
2019-09-12,3.4,NA,15.7
2019-09-13,0,NA,15.1
2019-09-14,0,NA,12.9
2019-09-15,0.9,NA,13.8
2019-09-16,1.3,NA,12.1
2019-09-17,1.6,NA,10.6
2019-09-18,1.1,NA,10.9
2019-09-19,0,NA,10.7
2019-09-20,0,NA,13.1
2019-09-21,0,NA,14.9
2019-09-22,0,NA,15.6
2019-09-23,0,NA,15.5
2019-09-24,0,NA,15.5
2019-09-25,0.7,NA,14.6
2019-09-26,13,NA,14.6
2019-09-27,1.5,NA,15.3
2019-09-28,9.9,NA,14.8
2019-09-29,20.8,NA,13.6
2019-09-30,9.4,NA,13
2019-10-01,9.3,NA,9.6
2019-10-02,0.4,NA,9
2019-10-03,0,NA,9.4
2019-10-04,0.1,NA,9.1
2019-10-05,0.9,NA,9.3
2019-10-06,0,NA,8.9
2019-10-07,4.4,NA,8.5
2019-10-08,5.4,NA,11.1
2019-10-09,1.6,NA,11.4
2019-10-10,9.9,NA,10.6
2019-10-11,9.9,NA,13
2019-10-12,1.5,NA,12.7
2019-10-13,1.3,NA,13.8
2019-10-14,0,NA,13.9
2019-10-15,7.2,NA,14.3
2019-10-16,3.1,NA,12.7
2019-10-17,7.6,NA,13
2019-10-18,3.2,NA,12.8
2019-10-19,3.1,NA,11.9
2019-10-20,2.4,NA,11.4
2019-10-21,0,NA,12.3
2019-10-22,0,NA,11.7
2019-10-23,0,NA,11.7
2019-10-24,0,NA,12.7
2019-10-25,1.2,NA,13.3
2019-10-26,3,NA,15.5
2019-10-27,2.1,NA,10.2
2019-10-28,0.9,NA,7.6
2019-10-29,0,NA,6
2019-10-30,0,NA,3.5
2019-10-31,0,NA,3.3
2019-11-01,5.7,NA,3.4
2019-11-02,3.2,NA,9.7
2019-11-03,1,NA,10.6
2019-11-04,20.4,NA,10.1
2019-11-05,11.8,NA,8.3
2019-11-06,0,NA,6.2
2019-11-07,1.6,NA,4.8
2019-11-08,0,NA,6.2
2019-11-09,0,NA,5.2
2019-11-10,0.1,NA,5.5
2019-11-11,0,NA,3.8
2019-11-12,0.3,NA,5.6
2019-11-13,0,NA,4.6
2019-11-14,0,NA,5.1
2019-11-15,0,NA,6.4
2019-11-16,9.5,NA,7.1
2019-11-17,3.1,NA,4.9
2019-11-18,3.4,NA,8
2019-11-19,0,NA,6.5
2019-11-20,3.3,NA,3.5
2019-11-21,5.4,NA,6
2019-11-22,0,NA,7.7
2019-11-23,0,NA,7.1
2019-11-24,0,NA,4.8
2019-11-25,0.7,NA,5.3
2019-11-26,0.1,NA,6.1
2019-11-27,6,NA,8
2019-11-28,3.3,NA,8.6
2019-11-29,0,NA,3.2
2019-11-30,0,NA,2.2
2019-12-01,0,NA,2.1
2019-12-02,0,NA,2.7
2019-12-03,0.3,NA,5.1
2019-12-04,0,NA,5.9
2019-12-05,0.7,NA,4.2
2019-12-06,6.6,NA,6.2
2019-12-07,0.9,NA,8.1
2019-12-08,5.4,NA,8.2
2019-12-09,0.8,NA,6
2019-12-10,0,NA,3.6
2019-12-11,0.6,NA,5.1
2019-12-12,0.3,NA,4.4
2019-12-13,1.5,NA,2.2
2019-12-14,12.3,NA,3.7
2019-12-15,2.7,NA,5.5
2019-12-16,2.5,NA,6.2
2019-12-17,0.6,NA,9.1
2019-12-18,0,NA,6.9
2019-12-19,0,NA,7.2
2019-12-20,3.7,NA,7.3
2019-12-21,0,NA,7
2019-12-22,3.3,NA,4.2
2019-12-23,1.8,NA,6.8
2019-12-24,4.3,NA,6.2
2019-12-25,0.1,NA,5.4
2019-12-26,0.8,NA,5.1
2019-12-27,0,NA,2.9
2019-12-28,0,NA,1
2019-12-29,0,NA,1.2
2019-12-30,0.1,NA,6.4
2019-12-31,0,NA,5.5
2020-01-01,0,NA,2.3
2020-01-02,0,NA,0
2020-01-03,8.3,NA,5.6
2020-01-04,2.8,NA,4.8
2020-01-05,0.7,NA,3.9
2020-01-06,0.3,NA,5.7
2020-01-07,0.6,NA,5.8
2020-01-08,0.7,NA,8.1
2020-01-09,12,NA,8.5
2020-01-10,2.6,NA,7.5
2020-01-11,0.1,NA,4.6
2020-01-12,6.5,NA,6.4
2020-01-13,2,NA,6
2020-01-14,5.5,NA,8.3
2020-01-15,0.2,NA,10.9
2020-01-16,0,NA,6.7
2020-01-17,1.4,NA,8.2
2020-01-18,1.8,NA,5.6
2020-01-19,0,NA,3.8
2020-01-20,0,NA,5.9
2020-01-21,0.5,NA,6.2
2020-01-22,0,NA,5.7
2020-01-23,0,NA,4.2
2020-01-24,0,NA,4
2020-01-25,0.2,NA,4.2
2020-01-26,0,NA,2.9
2020-01-27,2.4,NA,6.2
2020-01-28,12.9,NA,5.5
2020-01-29,7.6,NA,4.7
2020-01-30,5.3,NA,6.9
2020-01-31,8.9,NA,8.9
2020-02-01,1.3,NA,9.7
2020-02-02,0,NA,5.9
2020-02-03,0.7,NA,6.6
2020-02-04,0,NA,4.7
2020-02-05,0,NA,3.3
2020-02-06,0,NA,6.5
2020-02-07,0,NA,5.6
2020-02-08,0.2,NA,5.6
2020-02-09,13.3,NA,9
2020-02-10,7,NA,6.3
2020-02-11,12.5,NA,3.8
2020-02-12,6.5,NA,4
2020-02-13,2.6,NA,3
2020-02-14,0,NA,4.3
2020-02-15,0,NA,8
2020-02-16,22.6,NA,10.7
2020-02-17,1.6,NA,7.5
2020-02-18,9.6,NA,6
2020-02-19,1.2,NA,5.5
2020-02-20,7.9,NA,5.6
2020-02-21,3.7,NA,5.9
2020-02-22,8.9,NA,7.4
2020-02-23,5.7,NA,5.3
2020-02-24,8.9,NA,4.6
2020-02-25,3.7,NA,5.4
2020-02-26,0.3,NA,3
2020-02-27,0.7,NA,2.5
2020-02-28,2.3,NA,4.4
2020-02-29,5.7,NA,6.3
2020-03-01,0.2,NA,5.9
2020-03-02,0.2,NA,5.9
2020-03-03,3.3,NA,5.2
2020-03-04,0.1,NA,4.1
2020-03-05,0,NA,3.9
2020-03-06,2.6,NA,5
2020-03-07,0,NA,4.2
2020-03-08,1,NA,8.4
2020-03-09,2.5,NA,7.7
2020-03-10,12.7,NA,7.6
2020-03-11,0.4,NA,8.4
2020-03-12,3.5,NA,7.4
2020-03-13,0.6,NA,5.1
2020-03-14,0,NA,3.7
2020-03-15,0,NA,9
2020-03-16,0,NA,8.8
2020-03-17,0,NA,7.6
2020-03-18,4.4,NA,8.4
2020-03-19,0,NA,7.1
2020-03-20,0,NA,5.4
2020-03-21,0,NA,3.4
2020-03-22,0,NA,2.6
2020-03-23,0,NA,2.8
2020-03-24,0,NA,4.4
2020-03-25,0,NA,5
2020-03-26,0,NA,5
2020-03-27,0,NA,5.7
2020-03-28,2.6,NA,6.4
2020-03-29,0.9,NA,2.6
2020-03-30,1.2,NA,3.5
2020-03-31,0.4,NA,3.4
2020-04-01,0.3,NA,5.8
2020-04-02,1,NA,7
2020-04-03,0.5,NA,5.1
2020-04-04,0.1,NA,6.8
2020-04-05,0,NA,10.7
2020-04-06,0,NA,14.1
2020-04-07,0,NA,11
2020-04-08,0,NA,12.4
2020-04-09,0,NA,8.7
2020-04-10,0,NA,6.2
2020-04-11,0,NA,8.6
2020-04-12,0,NA,12.9
2020-04-13,0.8,NA,5.7
2020-04-14,0,NA,4.8
2020-04-15,0,NA,8.9
2020-04-16,0,NA,8.8
2020-04-17,0,NA,6.6
2020-04-18,0,NA,8.6
2020-04-19,0,NA,8.2
2020-04-20,0,NA,9.3
2020-04-21,0,NA,9.9
2020-04-22,0,NA,9.7
2020-04-23,0,NA,11.8
2020-04-24,0,NA,10.9
2020-04-25,0,NA,9.8
2020-04-26,0,NA,6.9
2020-04-27,0,NA,11.7
2020-04-28,2.5,NA,9.5
2020-04-29,2.1,NA,9
2020-04-30,9.5,NA,10.3
2020-05-01,3.1,NA,9.6
2020-05-02,0.2,NA,9.5
2020-05-03,0,NA,9.7
2020-05-04,0,NA,8.6
2020-05-05,0,NA,8.2
2020-05-06,0,NA,8.8
2020-05-07,0,NA,10.3
2020-05-08,0.6,NA,11.5
2020-05-09,0.5,NA,14.5
2020-05-10,0,NA,13.7
2020-05-11,0,NA,8
2020-05-12,3.6,NA,6.5
2020-05-13,0.6,NA,6.2
2020-05-14,0,NA,7.2
2020-05-15,2,NA,7.7
2020-05-16,0,NA,10.2
2020-05-17,0,NA,11.7
2020-05-18,1.4,NA,12.1
2020-05-19,0.3,NA,13.3
2020-05-20,0,NA,12.5
2020-05-21,0,NA,15.5
2020-05-22,8,NA,15.2
2020-05-23,2.6,NA,13.6
2020-05-24,0.6,NA,12.4
2020-05-25,0,NA,12.7
2020-05-26,0,NA,12.6
2020-05-27,0,NA,12.8
2020-05-28,0,NA,12.4
2020-05-29,0,NA,12.7
2020-05-30,0,NA,13.8
2020-05-31,0,NA,15
2020-06-01,0,NA,15.5
2020-06-02,0,NA,17.6
2020-06-03,0.1,NA,17.3
2020-06-04,10.6,NA,14.2
2020-06-05,6.2,NA,12
2020-06-06,2.3,NA,11.1
2020-06-07,0.8,NA,12.9
2020-06-08,0,NA,13.9
2020-06-09,0,NA,12.5
2020-06-10,2.6,NA,15.5
2020-06-11,0.1,NA,15.5
2020-06-12,0.1,NA,15.2
2020-06-13,13.4,NA,15.1
2020-06-14,0,NA,16.7
2020-06-15,0,NA,16.9
2020-06-16,0,NA,18.4
2020-06-17,0,NA,19.5
2020-06-18,6.6,NA,17.9
2020-06-19,10.6,NA,16.1
2020-06-20,0,NA,16.8
2020-06-21,0,NA,17.5
2020-06-22,0,NA,18
2020-06-23,0,NA,17.1
2020-06-24,0,NA,19
2020-06-25,0,NA,20.8
2020-06-26,0,NA,22.5
2020-06-27,4,NA,22.2
2020-06-28,0,NA,18.4
2020-06-29,0,NA,18
2020-06-30,2.9,NA,15
2020-07-01,10.4,NA,17
2020-07-02,0,NA,17
2020-07-03,8.8,NA,15.7
2020-07-04,6.4,NA,15.9
2020-07-05,6.4,NA,17.3
2020-07-06,2.7,NA,13.9
2020-07-07,0.2,NA,13.2
2020-07-08,0,NA,13.7
2020-07-09,10.4,NA,11.9
2020-07-10,7.2,NA,12.3
2020-07-11,0.2,NA,13.7
2020-07-12,0,NA,14.4
2020-07-13,0,NA,15.5
2020-07-14,7.6,NA,15.4
2020-07-15,2.4,NA,15.1
2020-07-16,0,NA,15.4
2020-07-17,0,NA,17
2020-07-18,0,NA,19
2020-07-19,1,NA,20
2020-07-20,0,NA,16
2020-07-21,0.4,NA,14.5
2020-07-22,0,NA,14.3
2020-07-23,0.3,NA,15.6
2020-07-24,0.7,NA,16.8
2020-07-25,1.9,NA,17.6
2020-07-26,6.2,NA,17.7
2020-07-27,3.1,NA,17.9
2020-07-28,0.4,NA,17.2
2020-07-29,2.7,NA,14.6
2020-07-30,0,NA,15.6
2020-07-31,0,NA,17.2
2020-08-01,0,NA,20.9
2020-08-02,2.3,NA,18
2020-08-03,0,NA,15.5
2020-08-04,0,NA,15.1
2020-08-05,0,NA,20.7
2020-08-06,0,NA,24.3
2020-08-07,0,NA,24
2020-08-08,0,NA,23.1
2020-08-09,0,NA,22.8
2020-08-10,0,NA,22.8
2020-08-11,0,NA,22.4
2020-08-12,0,NA,21.4
2020-08-13,0,NA,20.5
2020-08-14,0,NA,20.6
2020-08-15,0,NA,21.7
2020-08-16,0,NA,23.8
2020-08-17,1.7,NA,23.7
2020-08-18,0,NA,20.9
2020-08-19,0,NA,20.1
2020-08-20,1.1,NA,21.5
2020-08-21,7.3,NA,22
2020-08-22,18.6,NA,19.2
2020-08-23,8.8,NA,16.6
2020-08-24,8.4,NA,15.6
2020-08-25,1.2,NA,15.3
2020-08-26,9,NA,17.1
2020-08-27,0.2,NA,15.4
2020-08-28,3.2,NA,15.9
2020-08-29,0,NA,16.2
2020-08-30,0,NA,16.8
2020-08-31,0,NA,15.6
2020-09-01,0.3,NA,14.7
2020-09-02,0,NA,15.5
2020-09-03,3.4,NA,14.1
2020-09-04,0.8,NA,16.9
2020-09-05,2.3,NA,14.6
2020-09-06,0.5,NA,13.4
2020-09-07,0,NA,14.4
2020-09-08,0.3,NA,16.9
2020-09-09,1,NA,16.5
2020-09-10,0,NA,13.4
2020-09-11,0,NA,14.7
2020-09-12,1.4,NA,14.3
2020-09-13,0,NA,16.2
2020-09-14,0,NA,18.5
2020-09-15,0,NA,19.3
2020-09-16,0,NA,16.6
2020-09-17,0,NA,12.9
2020-09-18,0,NA,11.3
2020-09-19,0,NA,12.9
2020-09-20,0.1,NA,13.4
2020-09-21,0.1,NA,14.2
2020-09-22,0,NA,14.9
2020-09-23,0.3,NA,17
2020-09-24,0,NA,15.9
2020-09-25,0,NA,13.1
2020-09-26,1,NA,11.7
2020-09-27,0.1,NA,14
2020-09-28,0,NA,12.9
2020-09-29,0,NA,14.2
2020-09-30,0,NA,14.6
2020-10-01,0,NA,14.3
2020-10-02,0,NA,14.4
2020-10-03,1.8,NA,15.5
2020-10-04,0.1,NA,13.3
2020-10-05,0.5,NA,11.6
2020-10-06,0.4,NA,11.9
2020-10-07,3,NA,12.5
2020-10-08,10.7,NA,11.6
2020-10-09,3.5,NA,11.7
2020-10-10,8.9,NA,8.2
2020-10-11,1.1,NA,8.1
2020-10-12,0.3,NA,8.4
2020-10-13,0,NA,10.1
2020-10-14,0,NA,10.5
2020-10-15,0,NA,9.2
2020-10-16,0,NA,9.4
2020-10-17,0.2,NA,9.8
2020-10-18,0,NA,8.7
2020-10-19,0,NA,8.4
2020-10-20,0.1,NA,9.4
2020-10-21,4.1,NA,13.6
2020-10-22,0,NA,14.5
2020-10-23,0,NA,11.9
2020-10-24,0,NA,12.9
2020-10-25,7,NA,12.8
2020-10-26,0,NA,10.5
2020-10-27,2.9,NA,9.8
2020-10-28,0.6,NA,10.9
2020-10-29,11.9,NA,9.5
2020-10-30,3.1,NA,12.3
2020-10-31,1.2,NA,13.5
2020-11-01,0.7,NA,13
2020-11-02,1.3,NA,16.4
2020-11-03,0.3,NA,10.1
2020-11-04,0.1,NA,8.7
2020-11-05,0,NA,9.5
2020-11-06,0,NA,12
2020-11-07,0,NA,8.5
2020-11-08,0,NA,6
2020-11-09,0,NA,6.2
2020-11-10,0,NA,5.2
2020-11-11,0,NA,5.7
2020-11-12,1.3,NA,7.8
2020-11-13,0.6,NA,9
2020-11-14,0,NA,10.6
2020-11-15,0.9,NA,12.9
2020-11-16,2.1,NA,10.1
2020-11-17,0.3,NA,10.8
2020-11-18,1.4,NA,11.5
2020-11-19,0.1,NA,7.8
2020-11-20,0,NA,4
2020-11-21,1.7,NA,6.4
2020-11-22,3.4,NA,8.6
2020-11-23,0.1,NA,7.1
2020-11-24,0,NA,7
2020-11-25,0.1,NA,4.6
2020-11-26,0.5,NA,6.4
2020-11-27,0,NA,2.9
2020-11-28,0,NA,2.4
2020-11-29,0,NA,3
2020-11-30,1.5,NA,2.2
2020-12-01,0.4,NA,4.3
2020-12-02,0,NA,3.2
2020-12-03,0,NA,0.8
2020-12-04,0,NA,1.8
2020-12-05,0,NA,3.3
2020-12-06,0.2,NA,5.1
2020-12-07,0,NA,6.4
2020-12-08,0,NA,5
2020-12-09,0.6,NA,3.4
2020-12-10,0.1,NA,2.4
2020-12-11,0,NA,1.7
2020-12-12,0,NA,2.8
2020-12-13,0,NA,2.8
2020-12-14,7,NA,6.4
2020-12-15,5.6,NA,7.7
2020-12-16,0,NA,8.1
2020-12-17,5.3,NA,8.1
2020-12-18,0,NA,7.5
2020-12-19,0,NA,6.1
2020-12-20,0.1,NA,7.7
2020-12-21,6.4,NA,6.8
2020-12-22,5.4,NA,7.9
2020-12-23,13.9,NA,4.5
2020-12-24,0.3,NA,4.2
2020-12-25,0,NA,0
2020-12-26,0,NA,2.1
2020-12-27,3,NA,3.7
2020-12-28,5.4,NA,3.3
2020-12-29,1.7,NA,2.2
2020-12-30,3.1,NA,4.1
2020-12-31,0.7,NA,3.6
